HR,handGSR,Temp,stress
77.8158,10.8894,37.1742,0
75.65,11.2511,36.4176,0
75.65,11.3796,36.0647,0
87.7021,11.4708,36.0523,0
88.8298,11.1353,37.2392,0
91.4043,12.2023,37.4341,0
87.3191,13.0757,36.6998,0
79.5217,13.8281,36.0979,0
88.0227,13.6093,36.5032,0
89.8636,12.4086,36.9973,0
86.9091,11.3304,36.2708,0
85.2727,10.3249,36.6804,0
81.6591,9.3957,36.4697,0
86.5,8.6819,37.1495,0
84.75,8.0559,36.5936,0
83.2045,7.4514,36.0477,0
86.6136,6.954,37.0728,0
86.2727,6.5405,36.2768,0
86.2955,6.1976,36.6544,0
85.1364,5.919,36.1489,0
83.6818,5.7616,36.2182,0
82.6818,5.5823,36.8645,0
88.1136,5.4075,36.9336,0
84.6136,5.2575,36.4238,0
82.3864,5.1246,37.2411,0
84.9545,5.0413,36.3823,0
84.0909,4.976,36.9352,0
86.4545,4.904,36.0605,0
80.9773,4.8717,36.3919,0
78.75,4.8417,37.1189,0
87.3182,4.795,36.8456,0
84.8409,4.7766,36.9443,0
92.6596,10.1623,36.6198,0
92.2041,21.2795,37.1864,1
120.65,22.3258,37.0875,1
120.65,25.9497,36.0738,1
109.5714,24.8271,37.2366,1
103.6596,21.1816,36.9437,1
120.65,21.4285,36.1422,1
120.65,22.8302,36.0051,1
105.1702,20.5657,37.4824,1
119.587,19.2775,37.4521,1
75.65,19.1225,37.0628,0
92.1136,21.3902,37.3584,0
101.8864,23.9451,36.7114,1
93.1333,22.3709,37.0049,1
114.617,20.9067,37.4009,1
115.9362,19.6655,36.5207,1
87.5532,18.7988,36.0112,1
115.4468,19.0224,36.366,1
120.65,19.6514,37.4839,1
92.1915,21.39,36.8944,1
99.0217,22.0826,37.0335,1
113.7391,22.1368,36.2231,1
96.4773,20.2145,37.422,1
87.3636,20.0703,36.5708,1
85.3864,19.3612,37.4133,1
90.9545,20.5926,36.5246,1
77.913,20.8332,36.4367,1
82.7872,20.1989,37.4001,1
117,20.6844,36.934,1
122.5532,21.4531,36.0169,1
104.1277,21.0734,37.406,1
121.7447,20.3939,37.2467,1
91.4043,20.4596,37.3305,1
91.0426,20.5488,36.8571,1
103.5106,20.1076,36.9102,1
89.8723,21.8592,36.0131,1
112.2553,22.2122,37.4209,1
92.3617,20.4779,37.1763,1
87.7021,20.196,36.6477,1
91.4894,20.4758,37.1163,1
94.4043,20.459,36.9826,1
100.4681,21.0843,36.4333,1
111.8723,21.2741,37.0627,1
115.5106,20.7387,36.9128,1
105.9787,21.3539,36.4791,1
93.6596,21.1526,37.0661,1
93.4468,20.0182,37.1811,1
89.8511,19.3361,36.2233,1
88.4444,20.684,36.8388,1
85.8,21.3161,36.2555,1
88.3864,21.2401,37.1949,1
90.5455,21.0882,36.2291,1
104.8409,20.0708,37.1906,1
121.8409,19.1275,36.1195,1
91.8936,18.736,37.3761,0
88.8085,19.0954,36.1582,0
88.0213,19.9808,36.3685,0
89.7111,20.4111,36.2721,0
83.9773,20.5358,36.3938,0
84.5532,21.3384,36.373,0
88.7021,24.1093,36.1864,1
98.38,23.7947,36.8557,1
108.86,22.5019,36.93,1
97.375,22.4341,36.2933,1
121.5319,24.0912,37.1966,1
94.6809,23.7449,36.9681,1
90.9787,23.4643,37.1716,1
82.5435,22.2868,36.7177,1
81.3636,21.2412,37.4749,1
97.8889,20.0554,37.4954,1
80.7447,19.3574,36.447,0
78.1064,18.8,36.2977,0
86.3191,18.0559,36.2278,0
76.7021,17.7898,37.0885,0
75.9149,20.9315,36.4927,0
88.9362,23.6769,36.0455,1
85.0851,22.1618,37.3186,1
96.3191,21.6809,36.8412,0
90.5532,21.8371,37.0918,0
88.9149,22.1729,36.0215,1
89.5957,22.4156,36.9042,1
71.2553,23.4406,36.7045,1
92.5217,22.2575,37.4946,1
86.5909,20.7998,37.4864,1
84.2955,20.215,36.7741,0
90.5532,19.454,36.7701,0
90.3617,18.9281,36.665,0
85.8936,18.4279,36.4115,0
91.2979,19.0942,36.241,0
117.7609,23.9383,37.1095,1
98.3636,23.0329,36.7867,1
95.9091,21.5513,36.8668,0
75.5217,21.5374,37.1648,0
87.9362,23.6866,36.3626,0
113.4468,27.6529,37.1556,1
105.0851,28.6408,36.0104,1
122.4468,27.1285,36.3012,1
121.2766,25.2782,36.7385,1
121.6136,23.5447,36.3817,1
90.2045,23.7932,36.3624,1
81.5682,23.537,36.9326,1
94.3182,22.5388,37.2585,1
83.2222,21.9697,37.3404,1
85.6739,22.3069,37.0078,0
74.1489,23.1738,36.7944,1
92.0851,23.3278,37.3709,1
104.8511,24.1902,36.815,1
122.5957,25.4909,36.7929,1
83.413,22.9513,37.0011,1
88.4091,23.0808,37.424,1
94.3333,23.5651,37.3606,1
95.5106,22.4698,36.1537,1
87.3404,20.7585,36.1797,0
75.65,19.8092,36.9193,0
96.3404,19.8273,36.524,0
68.4468,20.9748,36.8346,0
73.7021,22.0256,36.4281,0
90.5106,23.0873,37.4954,0
75.65,24.3266,36.1132,0
75.65,25.5744,37.3424,0
116.3404,27.2793,36.3528,1
103.3617,27.1566,36.6045,1
98.9362,27.1795,37.2898,1
71.4681,25.8795,37.3402,1
83.766,25.5122,37.0731,1
90.3043,24.136,36.9822,1
90.6591,23.1754,36.6869,1
90.4318,21.8256,36.6807,1
86.7045,20.7612,37.2812,0
89.6591,19.7989,37.1166,0
94.0682,19.04,37.2928,0
86.2273,18.5125,37.3158,0
81.8636,18.2774,36.0978,0
84.2045,18.0735,36.754,0
82.6364,17.8659,37.4956,0
80.0682,17.3801,36.4471,0
79.1591,16.7831,36.9724,0
80.8409,16.2785,36.5668,0
82.7727,17.1,37.0173,0
75.65,17.1513,36.5877,0
95.2553,16.6019,36.3748,0
93.1489,15.9853,37.1223,0
89.25,15.3959,36.1259,0
83.5,15.0789,37.2197,0
88.5,14.8866,37.2748,0
85.4318,14.7402,37.1551,0
84.0682,14.8595,37.303,0
81.3409,16.2512,36.3518,0
82.6136,16.1885,36.6693,0
82.9762,15.6373,36.4034,0
78.9286,15.0358,37.2211,0
82.5455,14.5447,37.3527,0
87.9778,15.3061,36.7323,0
81.1505,15.9671,36.762,0
71.4573,11.806,36.6912,1
78.5579,11.0902,36.962,1
85.3773,11.6346,36.7003,1
88.941,11.5044,36.3645,0
71.4043,10.9454,36.7226,0
71.8401,10.975,36.7735,0
74.7632,14.3216,36.4788,0
71.9429,12.8194,36.0544,0
70.1225,13.7918,36.9079,0
70.6862,14.0002,36.1012,0
70.3274,13.2246,36.1236,0
70.0198,12.0306,37.3094,0
71.4414,11.26,37.3051,0
68.9943,10.5094,36.0893,0
65.6261,9.561,36.7132,0
68.1786,9.0656,37.2444,0
72.8097,8.5234,36.8522,0
69.0732,8.0648,36.0518,0
66.8628,7.556,36.0836,0
67.0733,7.1232,37.224,0
68.7575,6.7834,36.8199,0
70.2837,6.4634,36.274,0
71.4152,6.1994,36.5289,0
72.4677,5.9548,36.117,0
71.6519,5.791,37.0257,0
69.9416,5.708,37.2282,0
69.6257,5.5512,36.6937,0
71.8098,5.4148,36.5641,0
67.7048,5.2946,36.6382,0
68.3891,5.1774,36.2849,0
71.3361,5.0794,37.2047,0
69.5995,5.033,36.7032,0
66.9154,4.9866,36.5264,0
69.0777,4.9238,36.1473,0
66.5779,4.8802,36.2131,0
66.4946,4.8788,37.3375,0
63.3283,4.853,36.3102,0
63.9114,4.813,36.5545,0
66.2168,4.783,37.3071,0
68.7241,4.7612,37.1708,0
71.4153,5.9996,36.8542,0
70.3889,16.1794,36.7207,0
68.1787,23.3586,37.313,0
68.9681,19.7182,36.945,0
98.9153,27.697,36.4625,0
71.231,24.0508,37.379,0
72.8591,27.4896,36.9721,0
68.5997,21.8644,37.2345,0
68.3104,21.0924,36.5776,0
70.2573,20.5814,36.8181,0
93.8093,23.0964,37.181,0
79.0732,21.6216,36.3014,0
71.0993,19.879,36.0543,0
70.0205,18.992,36.4743,0
75.0731,18.9676,36.8768,0
69.1993,18.4914,37.4451,0
72.3689,25.246,37.3073,0
80.2371,23.381,37.4593,0
81.9696,22.1948,36.9018,0
80.9454,20.5292,36.3864,0
79.2859,20.0038,36.7819,0
70.2505,18.782,37.0502,0
70.8362,18.4246,37.2831,0
70.0732,18.0228,37.3635,0
77.3889,19.8352,36.4666,0
71.9684,19.2472,36.0318,0
71.1222,21.798,36.0879,0
72.6862,20.6892,36.0856,0
73.1689,23.7808,37.4079,0
78.5832,20.891,36.2476,0
77.968,19.8692,36.6186,0
71.3274,20.5572,37.1127,0
68.6097,18.9504,37.3603,0
71.5582,20.6458,37.4443,0
74.5577,21.5486,36.0152,0
69.0196,21.3812,36.3133,0
79.6856,19.626,36.8713,0
80.2434,22.4344,36.0725,0
75.65,22.1004,36.1105,0
72.9683,22.0412,36.0889,1
74.9683,20.674,36.4436,1
74.1735,21.0842,36.8073,1
70.5069,19.5556,36.5178,1
71.8401,20.492,36.2582,1
74.5067,20.063,36.7406,1
76.917,20.0576,36.5828,1
69.2762,19.3872,37.1706,0
71.1992,23.0162,36.8369,0
77.4805,21.8886,36.6667,0
76.327,20.759,37.05,1
71.3272,19.9762,36.7333,1
72.4812,19.9176,36.1601,1
73.4556,20.094,36.0733,1
73.0708,20.4002,36.7076,1
72.2504,19.736,36.1949,1
72.7121,21.605,36.1025,1
70.9173,21.4274,37.4876,1
72.5583,21.6722,36.7512,1
73.8402,21.2604,36.3801,1
72.6609,22.0326,36.4659,1
70.9429,20.8932,36.1565,1
71.302,19.9148,37.0939,1
70.6608,19.4288,36.9067,1
68.3627,19.1298,36.6374,1
67.6787,23.3218,36.0274,1
66.6787,20.7314,37.4968,1
70.8626,20.6114,36.3292,1
72.7834,22.5314,36.286,1
67.9417,20.5652,36.4874,1
69.3889,20.1586,36.0498,0
77.6783,19.2506,36.0648,0
68.5207,18.5308,37.4357,0
68.4417,18.4574,36.5806,0
68.8627,19.1106,36.1156,0
70.5993,20.1878,37.1239,0
71.9677,20.1804,36.1956,0
92.6585,20.5232,36.7435,0
75.8434,21.0778,37.0199,0
78.286,20.5528,36.7601,0
78.8928,26.4884,36.8215,1
79.4294,24.369,36.8579,1
76.941,23.2714,36.7563,1
74.3099,22.5654,36.4873,1
70.81,21.8908,36.7753,1
71.0469,23.1696,36.5278,1
95.2307,25.7204,36.1089,1
75.2243,24.4706,36.4715,0
77.0192,22.1368,36.1671,0
74.5323,23.7122,37.4546,0
73.3784,22.1916,36.4421,0
71.2761,21.2744,36.3075,0
68.0207,20.5634,37.2153,0
69.8626,19.7606,37.1457,0
76.8401,19.2134,37.179,1
72.9172,18.8984,36.2015,1
71.1479,18.308,36.3292,1
72.3274,17.8666,36.5691,1
71.4556,17.8448,36.8457,1
68.0472,17.7814,36.6589,1
78.4672,25.6272,36.9453,1
69.4415,22.5988,36.0156,1
75.8356,22.04,36.4138,1
72.7887,21.5684,37.2937,1
73.8913,22.223,37.0661,1
76.7371,21.0098,37.1573,1
78.8653,23.4178,36.4183,1
70.8915,21.5952,37.1302,1
72.231,21.8618,36.6916,1
63.1518,25.9008,36.4693,1
78.3356,22.3736,37.2695,1
83.3092,21.1086,37.2636,1
83.8874,20.2944,37.4522,1
81.2563,20.059,37.0994,1
96.7283,19.4986,36.2069,1
100.8372,18.912,36.0487,1
73.7117,18.7172,37.2291,1
76.4083,18.3686,36.9811,0
80.92,19.3228,37.2375,1
81.554,27.965,36.1881,1
76.3349,23.2374,36.0731,1
74.0937,21.7688,37.0704,1
70.2249,21.2212,36.9789,1
75.8143,21.3052,36.3103,1
73.8912,22.2008,36.4637,1
76.1475,26.0156,36.102,1
85.283,28.4058,37.3021,1
75.4298,29.3774,36.5056,1
83.993,27.286,37.1234,1
108.7629,27.7244,36.2236,1
77.8652,24.1462,36.7796,1
77.2568,22.486,36.825,1
79.3266,23.327,36.6279,1
69.8147,24.097,36.3728,1
73.2503,22.6198,36.6668,1
71.0967,22.0716,36.3934,1
68.7889,22.1674,36.9898,1
73.9938,21.8212,37.2098,1
66.8398,24.198,36.9524,1
73.1481,22.0702,37.1381,1
74.3527,23.5062,37.464,1
80.7367,22.2936,36.9215,1
81.5059,25.7004,37.2718,1
71.7117,23.5516,37.1155,1
73.1478,22.1146,36.0281,1
75.3528,24.726,37.1207,1
72.9939,22.1974,36.0311,1
70.0967,22.9278,36.4437,1
75.1732,21.1948,36.4188,1
82.506,20.3996,36.9856,1
76.327,19.6946,36.7384,1
90.6349,19.2086,37.4572,1
72.8654,21.8592,37.0564,1
68.8189,20.252,36.9244,1
92.187,21.5536,37.1078,1
102.7161,22.0576,37.1486,1
76.53,24.5726,36.1847,1
76.0181,24.3062,36.6553,1
77.6274,27.3002,36.7808,1
78.4325,26.8474,37.1433,1
75.5938,24.6314,36.0396,1
74.3273,27.8154,36.9335,1
77.2243,25.2122,37.4868,1
68.404,25.544,36.5576,1
75.0706,26.164,36.3815,1
74.1476,23.9114,37.2895,1
76.1253,24.6126,37.478,1
72.7834,22.6614,36.4255,1
74.1517,21.7558,36.3658,1
77.3882,20.911,37.2337,1
72.3623,20.113,36.0665,1
71.4678,19.4318,36.8561,1
67.3629,18.8778,36.7187,1
70.3625,18.393,37.2914,1
71.7045,18.6992,36.4919,1
72.9412,17.9948,36.3494,1
69.7047,18.283,36.9647,1
71.8625,17.6942,36.664,1
70.7046,17.4038,36.0117,1
74.2244,16.896,36.0435,1
73.0195,16.4054,36.8514,0
74.2502,15.9582,37.3719,0
78.5722,17.566,36.5364,0
78.5197,17.1968,36.4966,0
62.6259,16.768,36.9083,0
79.9406,16.2818,37.4615,0
78.6249,15.8576,37.4119,0
76.7304,15.4084,37.1854,0
68.5206,14.9754,37.3623,0
73.7307,15.0458,37.4794,0
71.1783,14.755,36.322,0
69.0996,14.9476,36.7211,0
69.3627,14.5304,36.9782,0
68.8101,17.3886,36.3743,0
69.5326,16.4106,36.252,0
72.1222,16.0058,37.4372,0
73.1221,15.4464,36.7539,0
74.8911,14.9338,36.5372,0
75.0449,14.4566,36.8534,0
69.0969,14.5304,36.6001,0
68.9417,16.6454,36.6643,0
80.2724,3.1793,37.2565,0
75.65,2.8146,37.3864,0
75.65,2.8782,36.8633,0
88,2.8962,36.4288,0
89.6,2.854,37.4903,0
85,3.0497,37.0146,0
75.65,3.4615,36.7891,0
75.65,3.348,36.1665,0
82.6,3.7465,36.1811,0
79.6,3.666,36.9983,0
86.2,3.6291,36.0283,0
90,3.4573,36.6465,0
90.2,3.3614,37.1512,0
75.2,3.3344,36.7103,0
88.4,3.1908,37.4124,0
90.8,3.2547,37.2385,0
72.2,3.3213,37.3622,0
84.6,3.1328,37.0908,0
83,3.088,36.2768,0
84.6,3.0366,36.0051,0
83,2.9576,37.4716,0
88.6,2.9931,37.4264,0
79.2,2.9039,36.3932,0
92.8,2.7297,37.42,0
79.2,2.5912,36.4687,0
86,2.51,37.0885,0
80.4,2.4655,36.5323,0
91.4,2.4143,37.108,0
80.2,2.3912,37.3003,0
86.6,2.365,36.4304,0
85.4,2.3313,36.8289,0
86.2,2.2931,37.1265,0
84.4,2.2754,37.1715,0
80.8,2.2621,37.2531,0
81.4,2.262,36.8801,0
76.4,2.253,36.2958,0
91.2,2.224,36.6328,0
98.2,3.2484,36.7175,0
78.8,4.7988,37.4325,0
66.2,4.1949,36.041,0
75.65,5.0127,36.6765,0
96.6,4.6283,36.0972,0
75.65,4.7978,37.2462,0
75.65,4.2271,36.4826,0
92.4,4.0911,36.4693,0
75.65,4.3739,36.1859,0
75.65,4.4629,36.2017,0
75.65,4.1726,37.3112,0
75.65,3.8691,36.416,0
75.65,3.9531,36.6545,0
88.2,3.8425,37.1994,0
91.8,4.3864,36.2892,0
75.65,4.7062,37.4275,0
82.8,4.6177,36.432,0
95.8,4.2907,36.5267,0
84,4.1766,36.7276,0
87.6,4.1333,36.6145,0
87.6,3.9359,36.3235,0
96.4,3.942,37.1898,0
92,3.8444,36.4435,0
75.65,4.1248,37.457,0
79.8,4.0253,37.2213,0
98.8,4.1739,36.0549,0
88.2,4.3659,36.2734,0
75.65,4.3901,37.0806,0
75.65,4.023,36.1538,0
91.4,3.8201,37.1483,0
86.4,4.0766,36.6773,0
80.8,4.2804,36.053,0
83,5.3916,36.2671,1
88.2,5.5855,36.8074,0
92.8,6.1794,36.1756,1
106.4,6.5177,37.0786,1
93.4,6.4323,37.2417,1
88,5.9526,37.2736,1
111.6,5.4821,36.6372,1
92.6,6.1535,36.0173,1
86.2,6.06,36.6007,1
58.4,5.5087,36.0553,1
93.4,5.1309,36.2966,1
120.65,5.0761,36.6455,1
89.6,5.3939,36.3297,0
75.65,5.1465,37.4352,0
92.4,4.8541,36.7577,0
86.6,4.6835,36.4818,0
90.4,4.517,37.4004,0
80.8,4.4324,36.6544,0
91.8,4.4456,36.2837,0
86.4,4.3201,37.4602,0
93,4.5163,36.9398,0
84.8,4.571,37.4203,0
75.65,4.6659,36.8495,0
75.65,4.5189,36.4424,0
75.65,4.5777,36.986,0
95.6,4.491,37.061,0
95.2,4.6257,37.0561,0
82.6,4.7723,37.0129,0
91.4,4.6767,37.4628,0
76.4,5.2425,36.3603,0
86.6,5.6705,37.3447,0
90.8,5.8776,36.3304,0
97.4,5.8734,37.4151,0
120.65,6.3766,36.1666,1
91.2,7.0592,37.1637,1
81.8,6.5929,36.6601,1
92,6.1289,36.8053,1
112.6,5.7857,36.9952,1
100,5.5671,36.0533,1
84.8,5.2418,36.1189,1
85.4,5.0605,37.0309,1
84.6,5.382,36.789,1
92.6,6.0276,36.6001,1
101.8,6.7143,36.1872,1
112.4,6.7172,36.217,1
90.2,6.2862,37.2964,1
83.8,6.6146,36.9837,1
115.2,8.0492,36.4184,1
97,7.3351,36.7702,1
38.2,6.9877,37.3254,1
81.8,6.4871,36.6706,1
82.8,5.9618,36.408,1
78.2,5.6194,36.3531,1
83.2,5.2665,36.9267,1
120.65,5.0303,36.3953,1
90,4.8521,37.2416,0
80.4,4.957,37.237,0
87.8,5.0416,36.1764,0
111.8,6.525,37.2268,1
91.6,7.4287,37.0582,1
74,7.5541,36.8662,1
99.4,6.5571,37.2011,1
83,5.8202,36.4332,1
109.6,5.4452,36.6891,1
91.6,5.2758,36.9095,1
93.6,5.4077,37.1405,0
84.2,5.1484,36.6532,0
90.8,5.2914,36.6811,0
11.8,5.9214,36.1239,0
91,5.5643,36.61,0
75.65,5.6195,36.9647,0
86,5.738,36.9638,0
86.4,5.5819,36.8073,0
82.4,5.8555,36.6624,0
120.65,7.0048,36.7488,1
105,8.3254,36.4009,1
93.8,8.2719,36.9702,1
99.6,8.197,36.8244,1
87.2,7.3001,36.6148,1
92.8,6.4381,37.3155,1
83,6.0093,36.9111,1
91.4,6.0346,37.223,1
80.8,6.4411,37.1379,1
100.2,6.5144,37.0512,1
120.65,7.5159,36.9546,1
99.4,8.281,36.0835,1
88.4,8.2377,36.5374,1
92.8,7.8012,36.6863,1
120.65,8.5225,36.6978,1
97.2,10.0815,36.552,1
79.2,8.5972,37.2636,1
84.8,7.7711,36.2411,1
89.4,8.5152,37.4977,1
78.2,7.4288,36.1669,1
99.8,6.7469,36.1826,1
47.2,6.9168,37.0796,1
87,6.8631,36.8412,1
89.6,6.2286,36.1218,1
120.65,6.8395,36.2756,1
91.4,6.0488,36.5285,1
81.8,5.7752,36.635,1
82.6,5.6268,36.0926,1
83.6,5.6062,36.7247,1
92.8,5.7545,36.7356,1
92.2,5.3488,36.2226,1
103.2,5.2002,37.4549,1
120.65,5.0442,36.3592,1
120.65,4.9286,36.8449,1
67.6,5.2929,37.0076,0
46.8,5.0655,36.8251,0
88,5.1552,36.1791,0
75.65,5.1934,37.259,0
93.6,6.0253,36.445,1
98.8,6.0632,36.0572,1
99.6,7.1724,36.3438,1
111.4,8.6184,36.1097,1
114.4,8.8709,36.0447,1
96,8.4315,36.0045,1
65.2,7.3849,36.4858,1
98.8,6.9108,36.2603,1
87.6,6.6466,36.8201,1
89.6,6.4113,36.6025,1
88.4,6.5319,36.878,1
96.2,7.0152,37.3712,1
88.6,6.2098,37.0419,1
86.8,5.7544,36.729,1
96.2,5.4762,36.081,1
98.4,5.2765,36.7725,1
83.8,5.1046,36.6541,1
75.8,5.1475,37.2014,1
82.4,5.2403,37.2702,1
90,5.1825,37.0553,1
78.8,5.4767,36.8197,1
79.6,5.3508,37.0346,1
83,5.0748,37.0156,1
84.8,5.4295,36.2312,1
82,6.0233,36.8046,1
93.6,5.8902,36.2814,1
40,6.6068,36.1139,1
91,6.4536,37.0178,1
95.2,6.6138,37.1618,1
85.2,7.2194,37.4913,1
79.2,6.8545,37.4829,1
86,6.115,36.0677,1
86.2,6.3028,36.37,1
86.6,6.5273,37.1019,1
80.2,7.6903,36.4802,1
81.6,7.5612,37.3669,1
83.8,6.9601,36.841,1
76.6,6.3396,36.098,1
82.2,6.1992,36.8481,1
80.2,5.7712,37.2937,1
107.2,5.5914,36.2613,1
79.6,5.4653,36.5863,1
68.5934,4.0656,36.7564,1
73.7928,5.4288,36.4059,1
86.7914,5.9191,37.2069,1
70.1932,6.2631,37.0832,1
66.1936,6.2449,37.1189,1
66.5934,6.4529,36.3823,1
66.7936,6.3833,37.2671,1
65.1936,6.9675,36.1021,1
70.3928,5.8995,36.6167,1
70.1932,4.8538,37.313,1
68.1932,4.3344,36.1187,1
71.593,3.9938,36.5476,1
64.3936,3.7224,36.2951,1
66.1936,3.5301,36.1852,1
66.9932,3.3587,37.3854,1
74.3926,3.229,37.2654,1
67.1934,3.1187,36.6629,1
67.5932,3.0316,36.6241,1
63.5938,2.9471,36.2544,1
63.1938,2.8823,36.5809,1
67.7934,2.8161,36.6918,1
64.5936,2.7683,36.4759,1
68.993,2.736,36.0928,1
56.7942,2.7087,36.6063,1
66.9934,2.6666,36.4805,0
68.9932,2.6449,36.3132,0
64.9934,2.6436,37.1698,0
70.193,2.6054,36.9407,0
70.193,2.5554,36.8929,0
62.7938,2.5216,36.8886,0
74.9924,2.4971,37.2072,0
61.7938,2.4837,37.1327,0
68.7932,2.4587,36.9396,0
58.7944,2.444,37.4236,0
61.7938,2.4183,37.2473,0
68.3932,2.3949,36.6675,0
66.9932,2.3786,36.093,0
71.1928,2.3981,36.6612,0
65.1936,2.4033,36.7119,0
58.5942,2.4292,37.239,0
66.1934,2.4211,36.6093,0
67.5934,2.3909,37.1843,0
64.1936,2.3643,37.1191,0
67.793,2.3814,37.2803,0
63.5938,2.3747,36.1852,0
59.1942,2.3488,36.8879,0
95.1902,2.3212,37.2246,0
65.5936,2.3004,36.2276,0
64.9936,2.2932,36.6893,0
74.3928,2.2725,37.1199,0
71.793,2.2697,36.118,0
63.7938,2.2677,37.4188,0
58.2667,4.7986,36.4026,0
69.8684,8.2776,36.4257,1
80.9737,7.7458,36.398,0
70.1081,7.7384,37.2003,1
72.5789,8.0446,36.4714,1
68.1579,7.9182,36.1933,1
71.8421,8.1096,36.5915,1
71.4,8.0548,36.289,1
59.4872,8.3596,36.8905,1
82,8.546,37.1824,1
73.2632,8.3186,36.7168,0
77.5833,8.1386,36.9425,0
69.5,7.709,37.1179,0
65.1111,7.272,36.4671,0
68.9722,6.9629,36.854,0
76.9722,6.7233,36.4113,0
75.6944,6.4205,36.6395,0
75.0556,6.167,36.8061,0
72.4211,5.9006,36.5036,0
79.1842,5.7262,36.023,0
75.3158,5.6436,37.4464,0
76.0526,5.4524,36.4302,0
76.3684,5.2588,36.2751,0
70.8421,5.0753,37.481,0
73.2308,4.9089,36.1073,0
77.4615,4.8435,37.1104,0
76.2927,4.916,36.2493,0
73.4878,5.0013,37.1147,0
70.7805,5.4225,36.6838,0
79.0513,5.8654,36.6937,1
77.5897,6.1298,36.2735,1
66.525,5.8719,36.7862,1
82,5.6911,37.4511,0
88.6829,5.614,37.1004,0
73.7805,5.8216,36.3761,0
73.9756,5.9891,36.2129,1
78.9268,5.9479,36.9663,0
73.6341,5.8125,36.1541,0
83.3171,6.4007,37.0264,0
81.0488,7.332,37.0009,1
80.6585,6.9153,36.6368,0
89.8537,8.9522,36.1714,0
87.9268,8.9258,37.0428,1
75.65,8.811,36.5206,0
73.0513,9.687,37.2253,0
85.3846,9.6878,36.4545,0
72.5128,9.7457,36.4527,1
75.8718,9.1292,36.1749,1
71.8974,8.6438,36.6916,0
92.35,9.1685,36.463,0
81.7317,11.5275,37.0059,1
93.3171,11.0349,36.595,1
96.9512,11.6219,36.1981,1
83.7073,12.6684,36.0866,1
84.9268,12.0762,37.4247,1
89.9024,11.5998,37.0427,1
89.3171,11.5433,36.4375,1
89.1463,11.8814,36.3144,1
80.7317,11.6907,36.5255,1
83.3659,12.3288,36.0944,1
87.3659,12.4615,37.3345,1
94.0488,11.5411,37.3843,1
103.6829,11.3836,37.0879,1
88.0976,10.8575,37.0642,1
80.439,10.8306,36.0073,1
82.3902,11.3978,36.2952,1
84.5854,12.2823,37.4908,1
75.9756,11.1333,37.0963,1
77.1795,10.7062,36.0937,1
79.625,10.8571,37.1416,1
77.2683,11.2432,37.3675,1
79,11.3391,36.1006,1
76.6829,11.1897,36.6718,1
79.9756,11.8924,36.025,1
80.5366,11.5913,36.8164,1
78.561,11.4415,36.3033,1
78.7805,12.3347,36.0111,1
70.7317,11.3059,37.1573,1
120.65,10.8748,37.4966,1
84.8293,11.0824,36.2329,1
84.439,11.3524,36.6298,1
84.4146,11.794,37.23,1
90.4878,11.6396,36.073,1
103.4146,12.2744,37.4254,1
96.3571,12.4679,37.0043,1
80.6279,10.7886,37.1381,1
81.186,10.676,36.8152,1
79.3488,11.9427,36.6318,1
88.3023,11.8367,36.0096,1
91.7955,12.3001,36.7677,1
89.1136,11.5267,37.4163,1
78.7045,11.0264,37.2811,1
78.0476,11.0658,36.2767,1
87.5366,11.7936,36.1514,1
83.1707,11.0966,36.6779,1
79,10.5123,36.9987,1
78.65,10.6448,37.4432,1
75.3333,10.086,37.1208,0
76.2308,10.0144,37.3201,0
77.2,10.8506,37.4993,1
88.25,12.2199,37.3352,1
91.4103,12.0171,36.0704,1
79.3846,10.8583,36.8055,1
72.2564,10.3239,36.4072,1
115.8205,11.2369,36.7796,1
76.1026,11.5411,36.5632,1
75.7317,11.0553,37.1637,1
83.0732,11.7085,36.13,1
83.7561,11.8216,36.6125,1
81.9268,12.2479,37.2816,1
77.2683,11.8455,36.2696,1
76.4878,12.0266,36.7659,1
74.2927,12.0348,36.0075,1
75.878,11.9579,36.9212,1
81.8537,12.2092,37.4138,0
92.5122,15.7928,37.3596,1
115.4634,15.2048,36.7031,1
91.3902,13.3014,36.8282,1
112.5581,12.9375,36.8123,1
86,12.3604,36.1585,1
96.8049,13.2177,36.6938,1
93.6364,13.0298,36.2411,1
91.9783,12.1787,36.5441,1
92.766,11.9839,37.4,1
107.3404,13.5772,36.1347,1
100.9556,13.9423,36.9326,1
87.4048,12.6198,37.2589,1
81.5366,11.957,36.1504,1
73.675,11.6173,36.7515,1
80.641,10.9921,37.3623,1
72.5128,11.7735,37.0963,1
72.3846,11.1822,37.3826,0
73.875,10.8268,37.4255,0
77.5366,11.4021,36.3862,0
81.3659,10.9599,36.4997,0
85.5366,11.4702,37.4153,0
77.9268,11.8186,36.5366,0
76.2439,11.5363,36.1403,0
68.4146,11.1643,37.0644,0
76.3171,10.9362,36.7436,0
77.6829,11.2178,36.9418,0
76,11.1425,36.7418,0
78.6585,10.9647,36.5417,0
79.7073,10.9737,37.281,0
79.7143,11.1923,37.021,0
82.1818,10.7133,36.3538,0
84.6364,10.7277,37.2214,0
85.1591,13.2817,37.1139,0
92.1905,16.555,36.1889,1
96.9024,15.2117,37.0925,1
99.2381,14.9528,36.6016,1
88.5854,15.3379,36.4777,1
81.9524,13.7479,36.6345,1
76.8537,13.7421,36.4473,1
71.5581,12.8863,36.9523,1
80.6818,13.084,37.4117,1
111.4545,12.5642,36.192,1
90.0909,12.7055,36.3728,1
87.0909,13.4344,36.7248,1
82.9778,12.6304,36.7938,1
93.6512,12.5326,37.2437,1
97.9024,13.1151,37.4956,1
84.3415,12.7313,36.0931,1
87.4878,12.2966,36.3834,1
82,13.1152,36.2545,1
88.5366,13.4296,36.0833,1
89.0732,13.2734,36.188,1
108.8537,14.1288,36.6947,1
104.0488,13.8538,37.29,1
99,14.8129,37.2918,1
90.8293,14.1949,36.4816,1
88.5854,12.581,36.5587,1
80.1707,13.0099,37.2849,1
78.6098,12.5167,36.4431,1
73.0732,11.583,36.8577,1
73.8462,11.0743,36.7666,0
91.8718,10.5445,36.2799,0
71.2051,10.8906,36.6977,0
72.8718,10.5406,36.2486,0
82.5385,10.2118,37.3417,0
83.55,11.1161,36.7942,0
80.3659,12.1527,36.1746,0
81.561,11.4395,37.3521,0
81.6341,11.764,36.8178,0
87.439,11.4089,36.3386,0
78.5366,12.6007,36.4908,0
82.7805,16.2857,36.4874,1
84.2927,14.1845,36.5879,1
76.4634,12.719,37.0267,0
81.3415,12.4137,36.6922,0
84.561,13.9483,36.3161,0
78.2927,13.6044,36.622,0
82.7561,12.3639,36.753,0
79.4878,12.5546,37.1536,0
87.0476,14.1504,37.4573,0
94.7727,16.8573,36.8343,1
94.2857,16.111,37.0682,1
86.1667,15.1583,36.7333,1
81.881,13.9777,36.7148,1
82.6829,14.1708,37.3238,1
79.8049,14.1862,36.3489,1
77.2195,14.3614,36.692,1
77.6341,13.2601,36.5842,1
79.9756,12.7973,36.9776,1
80.8,12.7578,37.0145,1
74.8718,11.9222,36.2043,0
78,12.1124,36.5057,0
71.8974,13.0156,36.6568,1
82.425,12.912,36.3318,1
76.2683,12.2255,37.1787,0
83.6098,13.3129,37.2312,1
80.2439,13.0064,36.375,1
78.1707,13.4381,36.4694,1
89.0488,15.3345,36.3039,1
95.6098,14.4033,36.5388,1
72.7805,12.3941,36.3311,1
73.275,12.8135,36.2599,1
73,12.7006,36.0885,1
76.2051,12.9692,37.4883,1
76.5385,11.9356,36.4025,0
84.1579,12.3403,37.2674,0
86.8684,12.4893,36.3977,0
82.4474,12.5937,37.1723,0
90.8709,11.5906,37.4049,0
94.4863,12.0481,37.0589,0
77.0246,13.2761,36.0814,0
88.1261,13.0604,36.8258,0
75.65,12.8451,36.3163,0
83.5601,15.5546,37.4834,1
120.65,14.9135,36.4791,1
98.8283,15.4319,36.8413,1
88.609,13.4189,36.7777,1
89.5844,12.7319,37.426,1
73.8938,12.9891,36.4811,1
90.4435,11.7665,36.7614,0
71.9434,10.953,37.0663,0
75.65,10.3671,36.8927,0
75.65,9.8315,36.4111,0
81.4991,9.7061,36.6841,0
83.2213,9.4284,36.227,0
76.2213,9.1587,36.8105,0
70.9705,8.6253,36.9744,0
71.5419,8.1999,36.023,0
69.6848,7.764,36.3825,0
74.7419,7.371,37.4028,0
74.1991,7.0192,37.3099,0
79.9133,6.778,36.1134,0
76.7988,6.5199,36.7218,0
75.0276,6.4187,37.49,0
82.3988,6.3985,36.3253,0
76.0846,6.1808,36.2072,0
77.3324,5.9883,36.6832,0
69.8602,6.021,37.1727,0
85.2887,6.3632,37.2923,0
96.0781,6.6363,36.099,0
80.6307,6.6435,37.0229,0
64.6308,8.5303,36.4881,0
68.9466,7.6096,37.3174,0
75.65,8.0635,36.9808,0
73.7359,7.6908,36.8051,0
75.65,7.1994,36.2702,0
82.2887,9.1772,36.381,0
88.0255,10.301,36.1333,0
80.3676,11.359,36.3742,0
79.3149,12.4849,36.9611,0
82.236,11.2511,37.0427,0
86.3149,11.8803,36.47,0
75.815,12.2692,36.2885,0
85.3324,12.2141,36.548,0
80.5546,11.9953,36.2393,0
75.65,12.1535,37.3713,0
75.65,12.2211,37.1679,0
69.2491,13.8402,37.0895,0
75.65,15.4641,36.7361,0
79.5113,16.8552,37.4328,1
80.186,10.5746,37.4898,1
79.175,8.1408,36.4953,0
74.5385,8.1752,36.4138,0
69.2368,6.6774,37.0217,0
69.0789,5.8138,36.0426,0
66.6053,5.396,36.2621,0
64.9167,5.0599,36.8617,0
66.1944,5.2273,37.2485,0
73.9722,4.9847,36.6059,0
69.8108,4.95,36.3979,0
68.6757,4.9426,37.2191,0
66.6486,4.7363,36.7171,0
63.2222,4.5421,37.2441,0
67.9444,4.3801,37.3325,0
66.7222,4.2537,37.194,0
63.6944,4.093,36.2737,0
64.5556,3.9728,36.4427,0
66.2222,3.8559,36.8081,0
66.8889,3.754,36.0979,0
65.7568,3.6445,36.9698,0
68.0263,3.5351,37.424,0
77.7949,3.4509,36.9146,0
87.1282,3.4177,37.4931,0
72.3421,3.3791,37.4606,0
68.7895,3.3326,36.5952,0
66.7105,3.2855,37.3245,0
69.4444,3.2814,36.2508,0
67.4865,3.2338,37.3842,0
65.0526,3.1863,36.8282,0
68.0541,3.165,36.836,0
67.6053,3.127,36.4758,0
67.5,3.1006,36.5604,0
65.6389,3.0955,36.7855,0
64.4444,3.0772,36.8556,0
64.1111,3.059,37.2059,0
66.7778,3.0401,36.0396,0
66.8611,3.022,36.6453,0
66.8947,2.9943,36.3379,0
68.027,2.9952,36.4668,0
69.1842,2.9749,37.099,0
67.3158,2.9606,37.0537,0
68.1842,2.9468,36.0118,0
68.5789,3.2313,37.2678,0
69.8947,4.8087,36.3688,0
70.8684,5.2677,36.7056,0
69.3077,4.7186,37.3201,0
75.6098,5.5786,37.3345,0
75.65,6.2323,36.6221,0
94.3409,10.9436,36.9961,1
90.4146,12.2109,36.8895,1
88.2439,12.2003,36.7011,1
84.5854,12.8846,36.0422,1
90.6341,14.2062,36.2098,1
95.6341,11.538,36.6007,1
104.6341,3.5942,37.4838,1
86.6341,8.3006,37.0073,1
86.9512,10.964,36.7683,1
89.8293,12.4135,36.1735,1
85.6829,12.5971,36.5534,1
87.6341,13.0726,36.1166,1
107.0244,12.8365,36.5993,1
82.9512,12.9043,36.239,1
80.7561,12.9305,36.7983,1
79.9268,11.7925,36.1704,1
80.2195,12.2494,37.0676,1
86.2195,12.3638,36.0035,1
87.7073,12.0027,37.3496,1
86.6585,11.5861,36.3986,1
78.3415,11.1927,36.0916,1
78.2683,9.7658,36.7552,1
79.5366,9.9817,36.7538,1
102.3415,10.3676,37.158,1
120.65,12.4143,36.3658,1
69.6585,11.2923,36.8509,1
73.2195,10.5204,37.468,1
78.4634,9.5779,36.865,1
79.122,10.6115,37.0117,1
105.55,10.7718,36.8935,1
75.1463,10.0374,37.2506,1
78.2195,9.7994,37.2421,1
102.9268,9.1367,36.5449,1
75.7073,9.0479,36.2124,1
74.9756,10.1365,37.1867,1
80.0244,9.6342,36.369,1
82.0976,9.8821,36.7993,1
77.0976,9.2799,37.4232,1
84.3171,10.1318,36.0924,1
82.878,10.5081,36.9214,1
77.0244,8.8061,36.0855,1
79.0976,9.043,36.2088,1
76.3902,8.9325,36.6431,1
78.5366,9.993,36.2459,1
80.0732,10.6196,37.3527,1
79.9268,11.3243,36.6005,1
100.3659,10.7138,36.9504,1
83.7561,10.1683,36.501,1
85.122,11.0059,37.279,1
81.9024,10.2157,36.3018,1
79.7805,9.2451,37.0039,1
76.35,8.7581,36.0355,1
73,9.0872,37.3464,1
72.6923,8.678,36.5226,1
73.0976,8.8605,36.5522,1
78.0244,11.0719,36.531,1
81.1951,11.8226,37.0685,1
80.7317,10.3252,36.5557,1
87.3902,11.631,36.698,1
81.9268,10.9071,37.2218,1
78.7561,9.8564,36.6728,1
77.4146,9.5139,37.1867,1
83.5122,9.966,37.3422,1
83.4878,9.8362,36.8507,1
69.1463,9.0953,37.3582,1
76.6585,9.1953,36.9274,1
79.2927,9.2015,36.3141,1
79.1951,9.2218,36.9818,1
73.1795,9.0181,36.7156,1
73.7949,9.5869,36.3698,1
107.359,8.6285,37.2201,1
75.05,8.6648,36.2789,1
78.3171,8.4959,36.1576,1
77.8049,8.9325,36.7576,1
85.0732,8.9254,36.223,1
80.1707,8.6461,36.935,1
76.1463,9.0535,36.68,1
82.0488,10.143,36.1811,1
75,9.2217,37.0572,1
88.9024,8.8275,37.2377,1
97.6829,9.0472,37.1361,1
76.4878,8.7325,36.9524,1
74.561,8.1522,36.4024,1
74.561,8.7565,37.4981,1
93.6098,8.6138,36.9125,1
78.2439,9.3995,36.4168,1
79.122,9.6079,36.7948,1
74.122,9.9152,37.1302,1
80.6829,9.7438,36.4777,1
80.122,8.9449,36.2779,1
76.3415,8.862,37.4055,1
75.6341,8.8053,36.5467,1
77.2683,8.6543,37.4592,1
70.4634,8.8389,37.1602,1
82.122,8.723,36.7905,1
97.122,8.5878,36.6728,1
84.5122,8.7834,37.0119,1
79.9268,8.7367,36.0239,1
79.7561,8.5504,36.1878,1
73.2308,8.0278,37.4746,1
73.1282,7.7432,36.5149,1
72.8718,7.6571,36.8987,1
74.3077,7.6196,36.0859,1
76.8974,8.4824,36.9188,1
74.4103,7.784,36.1072,0
73.9487,7.5864,37.1234,0
73.4359,7.4571,36.353,0
74.2821,7.3922,37.1946,0
73.775,7.3773,37.3961,0
78.2308,8.5078,37.016,1
90.641,9.6317,37.0833,1
74.641,9.4754,36.2829,1
75.7436,8.8531,37.2786,1
103.8205,8.6321,36.5898,1
78.8718,7.9842,36.2544,1
72.6923,7.6528,37.1729,0
74.8462,7.8368,36.647,0
72.1538,8.0498,37.3138,0
85.5128,7.7209,37.2159,0
72.9231,7.2535,36.5167,0
72.0488,7.1989,36.8139,0
79.4146,7.8191,36.6833,1
82.8537,8.7331,36.9833,1
83.9756,8.924,36.3929,1
78.0732,8.7605,36.2953,1
81.4146,9.045,36.6273,1
81.7317,8.0989,36.8394,1
71.7073,7.7471,36.5312,1
77.3415,8.2235,37.1097,0
79.8537,7.8224,36.6023,0
76.6341,7.6928,37.1312,0
74.2683,7.706,36.4533,1
77.1707,7.3246,36.7218,0
77.0732,7.1164,37.031,0
74.2927,6.9126,36.7761,0
75.9024,6.9123,36.5874,0
74.0488,7.5774,36.443,0
82.6585,7.935,37.4154,1
80.7317,8.1811,37.2335,1
89.878,8.4001,36.3924,1
78.0244,9.0059,36.9782,1
86.9756,8.9732,36.099,1
78.3659,8.255,37.3245,1
75.439,8.768,36.4599,1
77.9268,8.3781,36.8649,1
74.1707,8.3375,37.4364,1
77.9756,8.14,36.8495,0
79.561,7.7455,36.7005,0
77.6341,7.4918,36.6485,0
76.6829,7.2,36.1758,0
76.4146,7.4481,37.4893,0
78.0976,7.7381,36.9878,0
76.3415,7.9345,36.3183,0
76.7317,7.4014,36.4181,0
76.5897,7.2338,36.7741,0
73.0732,7.0283,36.6625,0
72.9512,8.9995,36.8096,0
98.7317,14.4429,37.1421,1
103.3171,15.9273,37.4321,1
96.7619,12.6005,36.855,1
84,10.3847,36.8352,1
73.7317,8.5474,36.7661,1
75.6098,10.2069,37.3922,1
80.3171,11.5972,37.1854,1
76.7561,11.8692,36.3112,1
74.8049,10.9467,37.2974,1
77.1707,9.7186,36.7986,1
82.439,8.5606,36.5237,1
76.4878,9.5154,36.1008,1
73.6341,9.9077,37.1236,1
74.0732,10.0365,36.2088,1
76.0244,9.4683,36.4625,1
75.9268,9.1479,36.48,1
72.439,8.4103,36.8736,1
76.3171,8.4093,36.0073,1
83.3902,8.7717,36.1301,1
88.8537,8.623,36.0334,1
82.3902,8.3126,36.1386,1
87.5122,8.2091,36.1051,0
74.55,7.462,37.2767,0
72.1786,5.3364,37.1183,0
66.7358,4.8784,36.2322,0
66.2152,4.5499,37.2686,0
73.748,4.2979,36.4039,0
63.4855,4.1076,36.7484,0
66.0254,3.95,37.3501,0
66.6307,3.8084,36.2518,0
69.8148,3.6832,36.6347,0
68.2097,3.5737,36.3354,0
67.2097,3.4858,37.4792,0
63.9991,3.4114,37.0639,0
65.4465,3.3467,36.7917,0
65.2623,3.3036,37.0473,0
65.7623,3.2643,36.0399,0
63.9714,3.224,37.2784,0
65.891,3.183,37.1403,0
63.8413,3.1444,37.4018,0
68.7358,3.1228,37.0881,0
69.2359,3.1047,36.4652,0
69.0781,3.0775,36.0019,0
67.2359,3.0501,36.3547,0
64.0781,3.0209,36.0619,0
64.2768,2.9931,37.3237,0
63.5667,2.9636,36.6941,0
65.8675,2.9437,36.7545,0
72.512,2.9537,36.742,0
75.0503,2.963,36.0002,0
68.717,2.9783,36.0016,0
67.8676,2.9812,36.6348,0
64.4465,2.9874,36.7428,0
64.236,2.9667,36.1833,0
65.6657,2.9551,36.4082,0
64.3602,2.9392,37.4431,0
63.9436,2.9156,36.0206,0
62.0547,2.8932,37.1857,0
59.8881,2.8711,37.4675,0
60.7769,2.8512,37.4731,0
61.1103,2.8371,36.3847,0
61.777,2.8245,36.0887,0
61.1658,2.816,36.5064,0
61.5547,2.803,36.9633,0
63.3879,2.7852,36.4714,0
64.4584,2.7687,37.1131,0
67.4351,2.7594,36.5233,0
83.9311,2.809,37.2047,0
85,9.7839,37.1348,0
81.1136,17.666,36.1569,1
83.6818,17.3345,36.7721,1
82.8636,17.9623,36.8923,1
89.0455,23.4839,36.4818,1
86.4773,23.7555,36.9105,1
81.093,20.608,36.9156,1
74.2683,19.0082,36.6458,1
77.1707,18.3344,36.2514,1
79.2195,17.9763,36.119,1
80.4146,17.5218,37.0633,1
78.9512,17.0769,36.7925,1
78.9524,16.8022,36.7729,1
80.3636,16.9808,36.8678,1
82.814,17.788,37.3824,1
81.0976,18.3245,36.7726,1
75.6829,17.4379,36.6633,1
76.1951,16.4164,37.1966,1
81.2326,16.398,37.4105,1
86.3864,17.1764,36.0071,1
82.8636,17.6456,37.4472,1
85.1163,17.545,36.7527,1
80.0976,16.8751,36.7611,1
77.122,16.7997,36.7523,1
84.1395,16.5565,36.8741,1
85.3864,16.4143,37.1938,1
82.9545,16.7476,37.2941,1
80.6047,16.6859,37.3058,1
80.8095,17.7419,36.0684,1
83.0455,17.3504,36.8236,1
83.3182,17.4537,36.2581,1
88.4545,17.8606,36.2587,1
93.7045,17.7264,36.1818,1
83.5682,16.8429,36.5866,1
82.4318,16.8542,36.6226,1
84.4318,18.3116,37.1893,0
83.0455,17.5036,36.2574,0
80.7273,18.108,37.2413,0
88.7045,18.4167,36.5711,0
84.8864,17.9098,36.9925,0
86.2955,17.4613,36.6459,0
95.0455,18.3082,36.8455,1
88.5682,18.5482,37.1215,0
80.9773,17.8817,37.1781,0
77.5455,17.6631,36.5524,0
88.4773,19.7071,37.4187,1
87.0455,19.2586,37.2735,1
90.0455,18.7239,36.5902,1
85.7609,19.3163,36.0569,1
96.5106,24.2891,36.2075,1
112.2128,27.0038,36.8602,1
114.8936,26.0256,36.4274,1
121.1064,23.969,37.0432,1
120.65,24.2422,37.4195,1
120.6809,24.0827,36.7147,1
120.2963,22.7727,37.192,1
124.7593,23.1277,36.2382,1
116.6481,21.4638,36.2607,1
111.2963,19.7709,37.3938,1
112.0926,21.1072,37.2939,1
114.3333,21.6295,36.7259,1
110.5,20.4912,37.4894,1
106.52,20.1669,36.2138,1
110.94,20.2297,37.4009,1
103.36,20.2635,37.2618,1
95.5106,20.5128,36.037,1
96.1915,19.4425,37.1693,1
105.12,19.2353,36.5922,1
107.28,19.6941,36.1069,1
110.06,20.0344,36.3532,1
102.32,18.8319,36.9785,1
100.18,18.7159,36.1017,1
98.1064,18.6231,36.3985,1
84.766,17.3951,36.5883,1
87.7447,18.1693,37.2293,1
103.3617,18.1021,36.8918,1
103.7,18.8053,36.9603,1
101.94,18.5717,37.3529,1
102.06,18.4222,37.4712,1
108.02,18.2105,37.2848,1
105.38,18.9283,36.8581,1
103.58,18.4005,36.5137,1
99.36,18.2674,36.9852,1
93.02,17.4052,36.2183,1
117.92,17.7813,36.3885,1
100.28,17.6842,36.7575,1
105.5,17.436,37.2419,1
107.58,18.521,36.0234,1
102.5,18.1791,36.4903,1
94.3191,18.1841,36.4104,1
95.8511,17.8723,36.5412,1
99.64,18.6402,36.6836,1
111.96,18.265,37.2113,1
116.66,17.7172,36.2633,1
104.18,17.8681,36.9933,1
100.16,17.492,36.6808,1
98.9574,16.7959,36.3589,1
90.5106,16.3474,37.0623,1
90.6809,15.8491,36.3634,0
89.9362,15.414,36.2041,0
96.7872,15.1703,36.6003,0
95.8723,15.6602,36.9878,0
94.4255,15.8187,37.2177,1
90.5111,16.2186,36.2364,1
95.6591,15.5389,36.4779,0
80.9767,16.2707,37.2094,0
80.3636,15.8473,36.2067,0
82.75,15.4838,36.6243,0
86.3409,15.4007,36.6461,0
81.6136,15.2821,36.1823,0
84.7333,15.7677,36.1523,0
90.9362,16.0813,37.3723,0
85.3404,16.2617,36.1717,0
99.2708,16.3426,36.2065,0
96,16.4508,37.0796,0
91.1064,18.6123,36.4868,1
95.5319,18.5842,37.4615,1
97.3404,18.0148,36.9764,1
84.7234,18.0098,36.3377,1
100.383,18.7603,36.4307,1
104.84,19.1046,37.2849,1
106.7451,18.7073,36.673,1
109.3269,18.5203,37.2318,1
104.56,18.3612,37.2763,1
94.1702,18.7089,37.4393,1
91.4681,19.4108,36.6635,1
96.3404,18.9788,36.2025,1
98.62,18.48,36.3679,1
98.54,18.7828,36.035,1
95.36,20.4201,36.7518,1
105.8,19.3663,36.2539,1
104.96,19.3267,37.3101,1
99.42,19.0038,37.0647,1
96.82,18.4568,36.7713,1
103.7755,19.3355,36.4683,1
100,19.6468,36.5689,1
102.8723,18.7359,36.9544,1
89.6222,17.7783,36.9517,1
83.75,17.5635,37.1279,0
83.7955,16.8194,37.1111,0
78.7273,16.1954,37.2884,0
84.6136,16.1944,36.8224,0
75.65,16.3345,37.3731,0
75.65,16.1485,36.0103,0
84.0682,16.6189,36.9384,0
76.2273,16.587,36.5124,0
81.8636,16.4569,36.3409,0
88.25,16.8025,36.1236,0
92.25,16.6197,36.9339,0
83.6364,16.8322,36.7366,0
82.25,17.0131,36.6813,0
84.6136,16.7504,36.4179,0
83.2273,17.0541,37.3824,0
82.413,17.4653,36.7091,0
97.7234,20.0523,37.0657,0
102.9362,21.2415,36.7161,1
93.4468,20.1198,37.462,0
92.1064,21.0292,36.4514,1
100.8723,20.9643,36.6925,1
92.9362,21.5389,36.4768,1
92.5957,20.1502,37.3316,1
99.4255,20.2191,36.9581,1
94.6383,19.8499,36.438,1
90.0435,19.7382,36.5899,0
87.2273,19.0935,36.1335,0
79.8636,18.3915,36.6116,0
86.0455,19.1706,36.0904,0
90.6596,19.211,36.1957,0
95.3191,20.196,37.2892,0
87.2128,20.2442,36.6616,0
94.766,20.0689,37.0998,1
92.8936,19.6836,37.0468,0
87.8298,19.5862,36.5193,0
78.6596,18.977,36.6909,0
86.6522,19.4859,37.4913,0
90.1957,20.0715,37.1597,0
83.766,19.0808,37.0173,0
90.3182,18.7398,36.9346,0
87.6957,18.3107,36.5466,0
83.1087,17.8913,36.4133,0
89.4681,18.052,36.0671,0
93.4681,18.1704,37.4614,0
91.829,18.8044,36.6565,0
84.4035,18.6325,36.5369,0
99.3813,18.8704,37.2678,0
90.4036,19.0897,37.2346,0
93.0205,18.6591,37.2847,0
97.4993,19.0339,37.0329,0
75.65,20.6702,36.0391,0
75.65,20.1398,36.7638,0
98.3993,20.0957,37.4251,0
101.9194,20.6055,36.6381,1
93.8326,19.9279,36.7542,0
89.8078,19.3773,36.8569,0
75.65,19.7351,36.3156,0
75.65,19.5688,36.0183,0
75.65,19.0894,36.8113,0
75.65,20.1047,36.5066,0
81.5673,19.4183,36.9592,0
79.5358,19.335,36.4786,0
74.926,18.6631,36.7815,0
74.8772,18.5946,36.0263,0
73.6333,18.1523,36.4273,0
73.6578,18.0179,36.0022,0
76.7309,17.9696,37.332,0
81.7796,19.0117,36.7891,0
79.2318,18.9404,36.8313,0
76.7135,18.2774,36.93,0
76.1455,18.9858,37.2313,0
70.1274,18.4775,36.3448,0
68.7685,18.4064,36.0174,0
72.7798,18.0259,36.1584,0
74.9991,17.7723,37.2834,0
75.8529,17.5004,36.8373,0
77.8041,17.2488,37.1286,0
76.5845,17.2978,36.8997,0
74.5845,17.0365,36.5465,0
77.7552,17.5259,36.1913,0
76.926,19.2052,36.2868,0
72.9992,18.7268,36.7733,0
76.7797,18.989,37.4242,0
76.8529,18.9587,36.5361,0
78.8283,17.982,36.4382,0
77.7309,17.4163,36.5048,0
78.8801,17.0009,36.9152,0
78.6583,16.6536,36.6836,0
81.3629,17.432,36.2561,0
72.681,20.0487,36.665,0
76.5339,19.986,37.0568,0
78.0229,18.5678,37.4012,0
83.4536,17.836,36.0854,0
84.7719,17.2957,36.5461,0
80.1583,18.6168,36.9871,0
80.772,17.9034,36.4713,0
80.0705,17.0957,36.245,0
78.804,17.5134,36.8471,0
75.3162,16.9302,36.1799,0
75.8801,17.725,36.2849,0
80.431,17.4136,36.2602,0
84.6809,18.9714,36.0256,0
79.2719,19.1751,36.0499,0
84.6584,21.5806,37.3598,0
80.9122,13.3742,36.3586,0
89.6087,5.3993,36.9686,0
90.2558,6.0841,36.7598,0
79.8537,5.903,36.3466,0
76.8293,5.6189,37.462,0
79.0976,5.4165,36.6117,0
79.1707,5.3535,36.4867,0
74.7805,5.8354,36.2488,0
80.6341,6.563,36.8571,0
81.561,7.3074,36.2413,0
73.5641,7.3206,36.8597,0
69.7692,6.4821,36.2878,0
72.2308,5.9068,36.3015,0
74.7179,5.6921,36.8831,0
72.5641,5.5696,36.6941,0
74,5.2868,36.9773,0
74.6667,5.0414,37.231,0
76.1282,4.9604,36.1333,0
76.8537,5.0162,37.0906,0
77.561,4.964,37.4433,0
84.3171,5.1879,36.2084,0
77.2683,5.1252,36.4598,0
75.925,4.8537,36.7287,0
74.6098,4.6091,36.0396,0
77.5385,4.5396,36.4341,0
77.4103,4.5264,37.0854,0
72.7692,4.3564,36.2141,0
75.5128,4.2709,36.2162,0
76.8205,4.373,36.4683,0
70.2821,4.3472,37.4092,0
73.6923,4.2631,36.6478,0
73.5385,4.1467,36.7222,0
75.2821,4.0471,36.0934,0
79.6154,3.9774,36.232,0
72.0769,3.899,36.2841,0
70.3077,3.8173,36.7977,0
72.2051,3.7441,37.4227,0
69.641,3.6796,36.2354,0
76.2564,3.6482,36.481,0
74.1795,4.6318,37.4683,0
71.5128,6.2198,36.7323,0
67.7105,5.7638,37.3093,0
75.65,5.8199,37.2489,0
70.5263,6.1837,36.8768,0
72.2368,6.3098,36.5942,0
73.3947,5.8659,36.707,0
73.9474,5.5977,36.9945,0
72.1316,5.3339,36.8096,0
90.5789,5.7953,36.4025,0
76.7692,5.4904,36.2494,0
71.025,5.3349,37.0088,0
74.1951,6.7458,36.7055,0
89.8049,9.9856,36.3894,0
89.7805,11.8472,37.3896,0
86.2927,13.6382,36.4781,1
92.6047,12.0189,36.0747,1
87.4318,11.381,36.3344,1
88.6098,10.4117,36.3866,0
80,9.6659,36.5049,0
77.9268,9.3295,36.5191,0
79.8293,8.3191,36.026,0
96.6585,8.9701,36.5939,0
81.0244,10.3055,37.2548,0
81.0976,11.788,37.153,1
78.122,11.4326,37.1686,1
79.3659,10.3017,36.0731,1
78.6098,8.9081,36.051,0
78.3659,8.6458,36.7487,0
78.6098,9.4958,36.6228,0
79.4634,9.3601,36.5391,0
84.0976,9.4966,36.5537,0
79.5366,8.7453,36.5534,0
78.4146,8.3918,36.6517,0
82.2195,8.5379,36.7787,0
75.6829,8.4632,37.399,0
77.7561,8.5328,37.0092,0
82.8537,8.0768,36.3259,0
78.9512,8.306,37.3067,0
76.8049,8.4265,36.5709,0
74.4146,8.4905,36.6598,0
78.439,9.0341,36.0339,0
87.9512,8.7212,36.3694,0
81.0488,9.525,37.2752,0
87.3659,9.3195,36.108,0
78.122,9.1133,36.6296,0
78.2683,9.4537,36.7008,0
83.9024,9.4612,36.642,0
77.7805,8.7962,36.13,0
82.0976,9.0955,37.162,0
82.3659,9.0946,36.5149,0
84.5122,9.6871,36.147,0
86.6429,10.7512,36.4173,1
90.7857,10.5988,36.0654,1
90.3333,10.0119,37.1411,1
83.4524,9.7426,36.7745,1
83.878,9.3605,37.0593,0
82.9024,8.9975,36.4266,0
80.8293,9.2878,37.4431,0
79.878,11.156,36.9351,1
74.5122,10.5762,36.2157,1
80.6829,10.0743,36.3674,0
82.1951,10.7944,36.0393,1
82.1951,10.5423,36.458,1
93.4146,10.2593,36.3949,1
82.2195,9.7746,37.4441,1
82.4146,9.2361,37.0985,1
81.6829,9.6374,36.166,1
81.6098,9.5074,36.2853,1
77.1707,8.8651,37.1807,0
82.0732,9.6099,37.353,1
82,10.1319,37.4723,1
86.9268,10.9935,37.4196,1
87.2683,10.9031,36.8474,1
83.6341,10.2211,36.2504,1
79.2927,9.6828,36.1784,1
83.2,9.3653,37.126,1
71.5641,9.1582,36.7288,1
85.6154,8.9241,36.5754,1
73.0256,8.8442,36.051,0
75.3846,8.2591,37.4132,0
77.475,9.3894,36.421,1
74.5854,10.0677,37.3504,1
79.5366,10.3405,36.3099,1
93.0952,12.1716,37.3125,1
89.7619,11.3662,36.1001,1
95.6098,10.3621,36.7156,1
75.15,9.1372,37.2103,1
73.0256,9.1145,36.92,1
72.1026,8.239,36.6971,1
96.3077,7.91,37.3107,1
76.2,9.1496,36.001,1
74.439,8.621,36.5301,1
75.0244,8.3959,37.3095,1
73.5122,8.4918,36.0819,0
80.8049,8.8462,36.236,1
77.561,8.4973,36.1148,1
78.3171,8.1575,36.1533,0
75.975,7.9598,36.1354,0
74.725,7.9077,37.4332,0
74.0488,8.1441,36.5647,0
76.8049,8.539,37.3782,1
79.6829,8.3076,36.2109,1
80.8537,8.0637,37.1643,1
78.7561,8.2474,36.7065,1
77.5366,8.3766,36.0929,1
74.4872,8.1214,36.4601,0
77.7179,7.9531,36.0432,0
75.625,8.0123,36.7993,0
75.6829,9.0718,36.6006,0
78.3171,8.6089,36.8704,1
80.4146,9.0562,37.3506,1
82,9.8276,36.025,1
86.9024,11.04,36.2298,1
89.6098,10.7353,36.7492,1
88.3415,10.3033,37.0605,1
73.561,10.0651,36.3627,1
74.3659,9.6966,36.4077,1
73.1538,9.0444,37.2731,1
75.325,8.7427,36.0617,0
86.4634,8.6536,37.2383,0
78.6098,8.861,36.1325,0
78.3415,8.7078,37.1146,0
75.2439,8.2788,37.3201,0
75.7561,8.5769,36.5033,1
76.4146,9.1037,36.0017,1
80.561,9.2332,36.7773,1
78.3902,9.2772,36.083,1
84.2683,9.3446,36.7546,1
77.7317,8.6903,37.413,1
82.7073,9.3076,36.324,1
72.7073,8.5495,37.188,0
74.9024,8.1163,36.8534,0
78.7317,8.1575,36.2013,0
75.2195,9.4758,36.265,1
75.439,10.0202,37.3536,1
77.8537,9.6449,37.0042,1
83.5366,10.5848,36.2935,1
80.2439,11.1427,36.6211,1
75.8537,10.0967,36.9636,1
79.6098,9.2138,36.3479,1
71.6098,9.3218,37.0727,1
76.8049,9.2458,36.459,1
78.6585,9.064,36.5099,1
91,9.8813,36.461,1
78.4146,9.5367,36.3525,1
84.7073,9.6639,36.6694,1
78.2195,9.4749,36.3966,1
88.0488,10.5695,36.1103,1
86.7805,10.8828,36.651,1
79.7561,10.4173,36.7693,1
78.4634,9.3304,37.1748,1
72.325,8.6719,36.0569,1
76.0513,9.7076,36.7315,1
75.359,9.1664,36.6441,1
73.3077,8.1822,37.1116,1
72.0256,7.8205,36.0319,1
73.9231,7.9517,37.3851,1
76.5897,7.6359,36.0768,0
74.5641,7.426,36.0502,0
73.9744,7.4122,37.2699,0
73.5641,7.2886,36.1807,0
73,7.2822,37.2577,0
67.641,7.1117,36.2269,0
73.8462,7.3055,37.4089,1
72.8205,7.3225,37.4973,1
72.7949,6.9406,37.3037,0
72.3333,6.717,36.6054,0
72.5641,6.8946,36.4287,0
75.6667,7.5207,36.7835,0
93.8049,8.0655,37.1149,1
76.1951,8.0254,37.1531,1
78.25,8.4434,37.1581,1
75.2439,9.0227,36.434,1
74.122,8.8197,37.2079,1
77.439,8.7058,37.035,1
81.5122,8.6326,37.4417,1
84.4634,10.3676,36.1621,1
80.6341,10.3587,36.0367,1
81.3415,9.6736,37.471,1
78.7073,8.86,36.9494,1
73.925,8.1686,37.1225,1
69.4103,8.2306,36.3004,1
70.7179,8.1519,36.5816,1
70.375,7.5948,37.1849,1
77.9024,8.9173,36.9175,1
78.7065,7.7748,37.0518,1
75.926,8.0043,36.3788,1
77.6333,8.2697,36.1022,1
87.3398,9.4404,36.6625,1
78.804,8.2327,36.1427,1
72.7796,7.1354,36.4022,1
70.5991,7.1221,37.3662,1
71.5376,7.2092,36.0899,1
70.8992,7.3182,37.0108,1
70.5114,7.4154,36.7507,1
75.7065,7.2919,36.5113,1
75.0236,7.4026,36.1186,1
71.1943,7.6994,36.9597,1
74.609,7.7287,37.2051,1
74.1455,7.8933,36.55,1
73.243,8.6804,36.6933,1
71.2675,7.7099,36.0661,1
71.5242,7.7266,36.1654,1
70.3651,7.744,36.4802,1
80.6578,7.5456,37.4496,1
84.6089,7.6022,36.4996,1
77.0724,7.2883,36.3232,1
79.0235,7.8219,36.1245,1
81.8773,7.6869,36.0432,1
82.8773,7.4341,36.0482,1
83.4626,7.4399,36.8348,1
83.5114,7.3218,36.1768,1
81.8285,7.611,36.0182,1
84.6577,7.6866,36.6951,1
87.6334,7.5378,36.5871,1
77.6821,6.923,37.4357,1
76.6243,6.5038,37.4714,1
70.2043,6.1167,37.2398,1
64.973,6.0348,36.441,1
66.1571,5.6793,36.1913,1
66.3938,5.5073,36.1678,1
67.5254,5.2999,37.3523,1
64.6044,5.1688,37.0657,0
65.5937,5.0965,37.336,0
65.6934,5.0483,36.6687,0
63.9992,4.9967,36.7852,0
64.8413,4.9484,36.8744,0
65.3939,4.918,36.3526,0
73.0761,5.2121,36.8099,0
83.3069,5.7781,36.0654,1
70.3582,5.6645,36.4609,1
68.0247,5.5745,37.2269,0
66.5781,5.4595,37.1953,0
70.1307,5.3945,36.1989,0
66.6402,5.3559,36.9468,0
69.7684,5.5349,36.4984,0
85.1242,7.1355,36.9803,1
72.1699,7.4023,37.0948,1
73.849,7.7615,36.0862,1
73.6331,7.8526,36.0477,1
75.449,7.5705,37.4638,1
86.0246,7.7311,36.7941,1
67.3836,7.0248,36.6289,0
67.7886,7.0563,36.3293,0
80.5518,7.4166,36.7038,0
72.8676,7.8934,36.6962,1
65.3149,7.3941,37.1663,0
66.2359,8.0778,36.9303,0
65.1044,8.0043,36.6921,1
71.9221,7.3137,36.6184,0
83.4863,7.7599,37.0622,0
72.7939,8.3074,37.122,1
66.1832,7.6208,36.1885,0
69.9991,8.3801,36.8364,0
66.657,8.1503,36.9296,0
66.5518,7.7502,36.4336,0
69.4464,8.8504,36.1857,0
68.4606,8.1981,37.0795,0
70.3581,8.6669,36.5187,0
80.1528,9.7021,37.0452,1
71.3837,9.4926,36.0164,1
73.5741,9.3872,36.99,1
71.1699,4.0251,37.4939,1
78.8284,0.8016,36.0268,1
77.5845,0.8106,37.4395,1
79.0967,0.8112,36.1369,1
84.2674,0.8118,36.8385,1
76.0909,2.5186,37.3364,1
70.7179,5.4359,36.2009,1
75.3333,6.3562,37.2723,1
66.7222,6.3286,36.6922,0
63.3056,5.8541,37.1917,0
63.8611,5.4167,36.6272,0
64.25,5.0915,36.9405,0
63.8611,4.9219,37.1736,0
65.6667,5.0695,36.2831,0
60.7778,4.9109,36.483,0
65.5556,4.8415,36.6812,0
65.25,5.0442,36.786,0
65.1667,4.8626,37.4398,0
69.7838,4.6595,36.5734,0
66.8333,4.5304,37.3642,0
69.4865,4.3724,36.9045,0
68.2895,4.2124,36.5915,0
65.6486,4.0895,36.4459,0
68.2222,4.0226,37.3743,0
65.8889,3.929,36.8349,0
65.4054,3.8177,36.7139,0
66.6944,3.7458,37.3784,0
66.8889,3.6656,36.6255,0
65.6111,3.5972,37.1952,0
64.6111,3.5334,37.4804,0
63.1111,3.4836,36.7116,0
66.3333,3.4406,37.4242,0
69.1944,3.3941,36.8565,0
67.1622,3.358,36.2883,0
65.7222,3.3307,37.1859,0
64.25,3.2971,36.3211,0
65.1667,3.2648,36.3905,0
65.4167,3.2386,36.4189,0
63.5,3.2146,37.481,0
63.4444,3.1919,36.5164,0
66.5833,3.1727,36.4129,0
67.973,3.1465,37.2039,0
68.4167,3.1357,36.471,0
67.6389,3.1162,36.3265,0
64.8056,3.1026,36.63,0
64.0556,3.0951,37.3757,0
72.8333,3.0841,37.1218,0
66.5833,3.0719,36.3374,0
64.8611,3.0603,36.0754,0
69.4211,3.0322,36.7068,0
73.8158,3.8533,36.3781,0
72.7632,5.6886,36.4329,0
82.9474,5.1886,36.4376,0
75.65,5.9333,36.4899,0
83.3684,8.7766,36.255,0
104.0789,10.7583,36.911,1
111.3421,12.247,36.2095,1
80.4211,11.6952,36.1556,1
76.8684,10.5603,37.1341,1
74.7895,10.0475,36.0258,1
77.6579,10.8581,36.8213,1
78.9737,11.1479,36.6742,1
72.5789,9.7411,37.1188,1
74.0789,10.6398,36.9982,1
82.0789,11.4797,37.2898,1
76.8684,10.5139,36.5397,1
77.8421,11.1722,37.2691,1
76.7895,9.0062,36.8714,1
69.5,9.9267,36.1194,1
69.9737,9.4557,37.2339,1
92.0526,8.7874,36.2585,1
69.5789,8.4799,36.1644,1
68.2895,8.6251,36.6477,1
73.5526,9.1279,37.433,1
87.8421,10.3004,37.3843,1
71.3333,9.5345,37.3983,1
72,8.2282,36.3969,1
70.6053,8.6193,37.1186,1
80.5,8.7499,37.1501,1
69.3421,8.326,36.8837,1
65.8684,7.6266,36.2131,1
70.3421,7.8009,36.3311,1
75.8158,9.1453,36.6929,1
88.1316,9.5139,37.4389,1
77,9.8193,36.4182,1
73.2105,9.0329,36.8038,1
75.8684,9.632,36.9572,1
79.0789,9.2485,37.4986,1
75.0526,8.7153,36.5129,1
100.8158,8.6621,36.5695,1
78.4737,9.6987,36.7462,1
79.4474,9.1346,36.3786,1
68.7105,7.9009,36.3138,1
86.0526,9.0158,36.2084,1
82.3684,9.5892,36.108,1
81.7368,10.0676,37.3164,1
74.5,9.9804,37.3244,1
72.0789,9.7634,36.2379,1
72.2632,10.2897,37.452,1
85.5526,9.6988,37.3113,1
73.8205,9.4414,37.157,1
77.2105,9.7881,36.4752,1
75.1842,9.1668,36.1981,1
69.6389,8.8131,36.5923,1
64.6389,8.8454,37.4788,1
66.8611,8.0141,36.4186,1
66.4,7.8416,36.7101,1
67.1389,7.9812,36.6437,1
68.5556,7.6128,36.2305,0
73.7778,6.9738,36.3182,0
71.6667,7.4156,36.7839,1
79,8.0824,36.8924,1
77.4054,8.4509,36.5287,1
75.8889,8.4119,36.7099,1
72.9722,7.9521,36.9372,1
68.5556,7.7273,36.3088,1
65.7222,7.1089,37.1826,0
74.4444,7.7292,36.6248,1
68.6111,7.7658,37.3642,1
67.2778,7.2166,37.4861,0
76.2222,7.7868,36.4094,1
72.8919,7.8507,37.1196,1
73.2105,8.026,37.2677,1
95,8.1066,36.31,1
73,8.4724,36.8888,1
87.2632,8.1696,37.2691,1
75.4737,7.5304,36.1384,1
72.9474,6.987,37.0293,0
69.3158,7.5674,37.1869,1
82.3421,8.1296,37.0683,1
80.9211,8.6553,37.1949,1
76.1579,8.6179,36.9176,1
70.8684,8.2689,36.5671,1
70.8378,9.2937,37.4424,1
70.0833,9.2799,36.938,1
68.4722,8.4599,37.1519,1
67.8649,8.3925,36.6445,1
67.3684,9.2363,36.157,1
66.2632,9.1101,36.0224,1
86.0789,8.827,36.373,1
76.9211,8.6778,36.6424,1
82.8947,8.4693,37.44,1
69.3684,8.6538,37.3734,1
69.5,8.2886,36.976,1
75,8.0835,36.747,1
73.3158,8.1174,36.6487,1
76.5789,7.7698,36.7702,1
84.2632,7.4415,36.0155,1
86.1579,7.4647,36.1954,1
80.3158,7.3186,37.2228,1
77.9211,7.2388,37.4939,1
69.8684,7.2552,37.4866,1
88.2632,7.1026,36.9604,1
74.0263,7.5543,36.7563,0
75.1842,8.2,37.074,1
72.7368,8.1314,37.3853,1
73.2895,7.6077,36.2822,1
88.5526,7.5927,36.26,1
74.8421,8.0226,36.583,1
70.8158,7.6372,37.4986,1
83.6579,7.8784,36.7877,1
76,7.5588,37.1242,1
75.6579,7.519,36.4135,1
73.3947,7.7926,37.3963,1
71.1053,7.2207,37.1894,0
72.3947,6.9996,36.1149,0
68.1053,7.6073,36.8394,0
75.2895,8.8388,37.4168,1
74.0811,8.1872,37.1883,1
70.0278,7.4261,36.6437,1
75.8571,7.0876,37.0884,1
65.4857,6.7119,36.7503,1
64.1429,6.4913,36.5544,0
68.75,6.8387,36.4946,0
72.3333,8.7486,36.5125,1
64.6667,7.4599,37.3417,1
70.0857,7.2225,36.5287,0
69.2571,7.2901,37.4977,1
75.4571,6.8978,37.0088,1
70.9167,7.1478,36.9139,1
69.6944,7.1016,36.0014,0
70.8889,7.4011,37.3065,0
69.9444,7.6153,36.6435,1
70.5278,7.2685,36.0873,0
76.6389,7.41,37.0243,0
73.4722,7.0465,36.0941,0
77.5278,8.6078,36.3161,1
72.8056,8.7011,36.8815,1
67.2778,7.6234,37.0165,1
71.0541,7.5817,36.5106,1
74.9737,8.6701,36.861,1
76.4737,8.4103,36.2861,1
75.2368,7.8032,37.1784,1
70.4737,8.116,37.3217,1
67.4054,7.8604,37.3757,1
68.4167,7.7154,36.8732,1
74.0833,8.3416,36.8013,1
77.9444,8.9022,36.732,1
80.1389,8.466,36.6656,1
71.5,7.8976,36.8936,1
73.8571,8.2749,37.3552,1
67.8571,7.6831,36.9146,1
62.8,7.161,36.4031,0
65.8,7.006,36.0718,0
67.7429,7.0497,37.2041,0
75.3056,6.7832,37.3285,0
80.5833,6.6186,36.8236,0
75.65,6.2316,36.5039,0
74.3158,6.0897,36.2053,0
96.3684,6.1289,37.2777,1
73.5263,6.2228,37.1556,1
69.4474,6.3114,36.5125,1
77.8158,6.7046,37.3432,1
77.9737,7.1922,36.714,1
76.8684,7.2909,36.5751,1
71.0541,7.0115,36.9643,1
72.1111,7.121,36.1688,0
70.7778,7.0675,36.493,0
68.8947,7.2734,36.459,0
91.8108,7.5582,36.3199,1
81.9737,7.2031,36.5147,1
78.9167,7.9728,36.9343,1
74.3333,7.605,36.3789,1
66.8611,7.0741,36.5687,1
61.8611,7.0641,36.0729,1
72.4211,7.0807,36.5429,1
80.8684,7.3111,36.5535,1
78.3947,7.6712,36.06,1
75.7105,7.2566,37.0913,1
82.9737,7.0053,37.4346,1
80.2368,7.0763,37.4659,1
81,7.3058,36.0139,1
78.8158,7.6956,36.711,1
114.9211,7.3144,37.3337,1
120.65,7.2643,36.7074,1
98.7368,7.6414,37.3488,1
77.9211,7.2347,37.2877,1
85.9737,7.0012,36.5463,1
120.65,6.9298,36.0375,1
120.65,7.1277,36.9109,1
120.65,7.4622,37.466,1
120.65,7.6438,37.2357,1
120.65,7.0744,36.8757,1
93.5789,7.1524,37.1303,1
84.7105,6.812,37.4307,0
68.2703,6.4223,36.3925,0
76.8889,6.161,36.1642,0
74.7222,5.9274,36.5578,0
72.4167,5.7237,36.7766,0
66.3889,5.5366,36.0277,0
65.1389,5.4199,36.5039,0
95.0286,5.3421,37.2283,0
75.1143,5.2301,36.7967,0
68.1143,5.1843,37.3297,0
66.7714,5.0638,36.4187,0
64.5429,5.1239,37.0414,0
67.3429,5.2357,36.157,0
63.6,5.1095,36.172,0
63.2571,5.0133,36.2293,0
66.2286,4.9007,36.2249,0
64.7714,4.7971,36.6045,0
66,4.6951,36.353,0
65.9143,4.6404,36.5024,0
66.3143,4.796,37.3613,0
69.0571,4.8659,36.1562,0
62.1132,2.9044,37.1195,0
60.9418,2.8735,37.2336,0
61.7704,2.8449,36.7142,0
61.0561,2.8179,37.4218,0
62.5129,2.7917,36.4447,0
59.5419,2.7674,36.5092,0
67.3705,2.7463,36.425,0
61.0561,2.7265,36.274,0
57.7419,2.7077,36.7195,0
63.1989,2.6905,36.3573,0
62.3134,2.6743,36.0607,0
61.5133,2.6585,36.7873,0
63.7704,2.6443,37.343,0
60.5705,2.6307,36.4817,0
64.4562,2.6169,36.8699,0
62.9133,2.6027,36.8358,0
61.1419,2.5889,36.4137,0
59.8277,2.5751,36.3556,0
61.9134,2.5618,36.0899,0
57.1419,2.5487,36.4108,0
59.0561,2.5362,37.265,0
58.4276,2.524,36.7337,0
75.3582,2.568,36.2094,0
87.1739,2.8943,37.0129,0
75.7805,3.6842,36.9227,0
74.6585,3.6156,37.193,0
78.8974,3.7725,36.1042,0
86.4615,3.7252,36.2533,0
72.7179,3.7119,36.9233,0
70.5641,3.6588,36.4668,0
72.4872,3.9339,37.2234,0
76.1026,3.865,36.9213,0
73.8462,4.1369,36.2314,0
74.7436,3.9191,36.5381,0
73.2821,3.7949,36.3113,0
69.8947,3.6921,36.1311,0
69.2632,3.5971,36.5313,0
68.6842,3.4807,36.4454,0
67.5263,3.3894,36.9363,0
66.1622,3.312,36.4394,0
65.8333,3.2558,37.2891,0
65.5833,3.1939,36.249,0
64.3056,3.1298,37.1015,0
65.1389,3.0746,37.3856,0
68.8611,3.0293,36.3688,0
67.1053,2.9456,36.4759,0
66.1842,2.9047,36.217,0
66.5405,2.8814,36.2426,0
66.75,2.8651,37.1869,0
65.1111,2.8562,36.3438,0
65.2222,2.8306,36.7117,0
66.25,2.8062,37.032,0
63.6389,2.7847,36.2005,0
64.7222,2.7625,37.2835,0
64.75,2.7414,37.4378,0
63.25,2.7228,37.3988,0
60.9444,2.709,36.8444,0
63.7778,2.6936,36.0943,0
66.9474,2.6567,36.6408,0
77.2895,2.6453,37.3823,0
77.6667,2.6339,36.71,0
69,2.6243,37.2372,0
69.7368,2.6228,36.9709,0
67.6579,2.614,36.6284,0
65.2778,2.6229,37.135,0
64.6111,3.2493,36.1304,0
65.1667,5.0117,36.6817,0
74.1389,5.0843,36.8362,0
71.8056,4.6513,36.4271,0
75.65,5.8149,36.2161,0
64.6757,5.2694,36.6637,0
71.6842,5.6028,36.1417,0
75.65,4.7648,37.2437,0
90.275,4.6715,36.7579,0
96,4.8525,37.09,0
77.641,6.6997,36.4959,0
82.359,8.6285,36.3931,0
74.7179,9.3401,36.2101,0
72.2051,9.3477,36.427,0
72.5897,9.0756,36.3931,0
79.0256,9.8602,37.1833,1
78.5385,9.9171,37.4794,1
80.0256,10.4433,37.2188,1
81.0513,10.4084,36.8907,1
75.4615,9.2525,37.1005,1
73.4103,10.4766,37.2181,1
74.1795,10.3143,36.1905,1
73.6154,8.4146,36.3779,1
68.9231,7.661,36.2944,1
74.6923,7.7064,37.1639,1
78.1282,6.9593,37.4884,1
77.4359,7.2767,36.0379,1
79.8049,7.2294,36.6842,1
81.125,7.7698,37.3453,0
73.8718,6.9714,36.9378,0
76.2564,6.8574,36.2343,0
76.8974,6.5764,37.0513,0
79.9744,6.708,37.191,0
73.9744,7.0788,37.0086,0
69.2368,7.148,36.143,0
64.6842,6.5312,36.6792,0
72.9211,6.4724,37.0977,0
75.0526,7.418,37.4467,0
79.4737,6.599,36.6082,0
70.2632,6.2502,36.557,0
71.5,6.0827,36.3552,0
71.1053,6.1232,36.4152,0
68.1316,5.7907,36.0493,0
69.3684,6.1804,36.1,0
72.8462,8.3693,37.034,1
73.4872,10.3784,36.4862,1
79.0769,10.5359,36.5267,1
73.5641,9.4385,36.9254,1
90.3077,9.9876,37.4982,1
77.1538,10.0854,36.1462,1
72.9231,10.2308,36.5944,1
69.9744,8.8116,36.3448,1
71.3421,10.1895,37.0717,1
70.9474,9.9568,36.2053,1
70.2368,9.3544,36.3029,1
80,9.0151,37.0153,1
74.7179,8.3762,36.7166,1
89.8462,8.4912,36.4726,1
70.7692,10.6766,36.2297,1
76.1282,9.4843,36.882,1
76.359,8.4032,37.1121,1
77.7692,7.822,37.2788,1
83.561,7.4699,36.7078,1
78.5122,7.3591,37.4439,1
80.2683,7.6714,36.2053,1
74.4,7.3954,36.2458,0
73.1795,7.0943,36.6558,0
75.3846,9.8228,36.1041,1
70.1282,9.0518,36.5287,1
70.7179,8.5374,37.1511,1
78.7179,10.4532,36.1259,1
76.4872,10.1249,36.7134,1
80.8462,9.4607,36.0125,1
72.359,8.6937,37.4136,1
75.6923,8.0101,36.6623,1
72.359,7.8847,36.0447,1
59.7436,9.4504,37.1366,1
70.5385,10.3902,36.6429,1
71.0769,11.094,36.9973,1
66.3947,10.823,36.0053,1
74.1842,9.4922,36.3937,1
74.5,8.4511,36.634,1
72.7368,7.7351,36.4326,1
68.6842,7.2268,37.0205,0
72.5526,7.0657,36.5591,0
74.7179,7.6424,36.0891,1
72.2368,7.5707,36.0523,1
73.1053,7.5648,36.0973,1
76.3684,7.2682,36.9262,0
83.0256,6.7984,37.17,0
80.3846,7.1427,36.3441,1
72.9487,7.0272,36.9611,1
70.1538,6.6804,36.2127,0
82.5897,6.8233,36.1207,0
71.3333,7.4986,36.2885,1
70.3333,6.8916,37.095,1
73.4359,6.6616,36.1801,1
78.0256,6.7077,36.8697,1
73.7632,7.1396,36.4034,1
73.9737,8.151,37.3377,0
75.7692,7.6482,36.135,0
78.2821,8.9062,36.2203,1
81.2564,9.116,36.8441,1
75.1538,9.585,36.5298,1
70.6154,9.7951,36.2669,1
72.1795,10.1318,37.331,1
75.1026,8.9165,36.1585,1
72.8462,9.102,36.2053,1
72.8462,10.4352,36.5971,1
69.2308,8.9747,36.3634,1
73.5385,9.303,36.0616,1
76.2821,9.6309,36.2415,1
71.8158,9.2614,37.0942,1
73.1842,8.5163,36.3026,1
75.8462,8.0545,36.3508,1
86.7949,8.1082,36.5078,1
120.65,8.2876,36.6944,1
86.9487,7.993,36.3563,1
75.5641,9.3166,37.1116,1
69.8718,10.1263,36.4477,1
72.2821,9.8283,36.7794,1
69.2632,8.9316,36.193,1
74.7632,8.2591,37.4316,1
71.3421,8.1852,36.4772,1
88.5,8.6926,36.6858,0
75.3947,8.466,36.9481,0
83.5263,7.8928,37.4967,0
74.2051,7.5985,36.0828,0
92.3333,7.1029,37.2878,0
76.0256,6.971,36.9804,0
85.7436,6.6338,36.0362,0
79.5897,6.8832,36.3068,0
71.5128,6.8422,36.2245,0
71.2821,7.8919,36.7968,1
79.2308,7.464,36.2805,1
78.8205,7.3242,36.4517,1
89.2564,7.069,37.3508,0
87.6053,8.1859,37.4758,1
74.3421,8.4069,37.1036,1
76.4615,8.142,37.4799,1
76.8205,7.9995,37.3885,1
78.2051,9.2335,36.2197,1
82.3846,11.0351,36.6796,1
83.1282,10.938,36.2693,1
78.7179,10.803,36.8307,1
73.2308,9.649,36.0572,1
67.7436,8.8017,37.2836,1
71.7692,7.9481,37.4452,1
86.4615,7.9344,36.6976,1
117.8462,7.8752,36.5524,1
72.641,8.4968,36.2708,1
71.7692,7.9283,37.29,1
77.641,7.6295,36.8398,1
73.5128,7.5992,36.88,0
74.3077,7.2343,37.0704,0
76.5641,7.2563,37.3282,0
91.0256,9.543,37.3103,1
78.6667,9.8131,36.3847,1
80.9487,9.1118,36.4268,1
83.4103,8.6336,37.0938,1
81.9487,10.3765,36.9032,1
89.9744,10.4766,36.8043,1
92.6923,9.5562,37.2982,1
76.4872,8.6632,36.9799,0
76.1538,8.3868,37.325,0
73.1538,8.0723,36.3014,0
78.9487,8.5969,36.5687,1
81.4103,8.9414,36.2426,1
81.5128,8.3153,36.2068,1
80.0513,8.4434,36.834,1
75.9487,8.4913,37.499,1
74.7692,7.4853,36.0625,0
78.2308,7.1515,37.1175,0
80.7692,7.4132,36.4004,0
78.5641,7.9024,36.4196,0
85.9487,8.3406,36.7154,1
80.3846,7.2952,37.0186,0
76.6154,7.662,36.0268,0
81.4615,10.4692,36.5537,1
78.1795,9.2061,37.1858,1
71.8462,8.6055,36.459,1
77.8205,8.4553,37.4605,1
72.5385,8.5489,36.0428,1
65.4359,9.3206,36.7632,1
76.2821,9.1752,37.3346,1
74.359,9.3373,36.8023,1
76.5641,10.6466,36.6145,1
73.7179,9.5107,36.6412,1
76.2051,9.7495,36.7853,1
83.9744,8.5407,37.4859,1
76.2564,7.5132,36.2511,0
75.65,5.44,36.943,0
75.65,4.4378,37.0475,0
66.7209,3.3507,36.1547,0
75.4286,4.3686,36.9641,0
86.15,4.4982,36.0617,0
74.7692,4.4742,36.895,0
74.35,4.2915,37.3538,0
76.8049,4.1058,36.2035,0
78.2683,4.6491,36.0493,0
81.122,7.0893,36.419,0
81.439,7.4884,37.1523,0
73.878,6.7405,36.6951,0
74.7949,5.8559,37.0724,0
76.359,5.2661,36.6675,0
76.0256,4.8514,36.5218,0
73.8718,4.5523,36.3324,0
73.5128,4.2792,37.3152,0
72.2821,4.0867,36.2787,0
73.0256,3.9357,37.2322,0
72.4359,3.813,36.3438,0
71.2051,3.7011,36.6444,0
72.6154,3.6024,36.2987,0
79.2051,3.5898,36.2166,0
77.5641,3.6098,36.1787,0
74.4359,3.5432,36.9295,0
74.4872,3.4688,37.309,0
72.1538,3.4285,36.3397,0
73.359,3.3997,36.1869,0
71.0769,3.3813,36.2738,0
72.6667,3.3368,36.3325,0
68.8462,3.2921,36.6272,0
73.3333,3.2901,37.0649,0
72.4872,3.3083,36.4458,0
70.6316,3.2561,36.0368,0
72.3947,3.2205,37.1146,0
71.4103,3.1781,36.8315,0
72.8049,3.1396,36.0489,0
82.7561,3.1279,36.9568,0
76.878,3.1417,37.0925,0
72,3.1773,37.1343,0
70.4615,3.1747,36.2189,0
73,3.5692,36.1728,0
73.6667,5.4993,36.797,0
73.9744,5.4546,36.2511,0
77.8718,5.2215,36.3734,0
70.8974,6.3291,37.4443,0
77.4872,6.2834,36.0356,0
72.6316,6.0082,36.7354,0
72.9474,5.4735,36.4128,0
73.7895,5.2145,36.7784,0
72.7179,5.443,36.5233,0
78.1026,5.4596,37.2985,0
77.4872,5.3847,36.8441,0
74.1707,4.919,36.8931,0
75.65,5.3821,36.4185,0
85.3333,9.5652,36.1075,0
79.8537,12.36,36.5695,1
81.2439,12.3173,37.3136,1
88.3902,11.9444,37.4945,1
88.5476,11.5248,37.1072,1
92.9756,12.425,37.1368,1
82.8293,12.3735,36.5628,1
93.4524,12.4425,37.1376,1
98.0222,11.5828,36.9805,1
94.3556,10.9911,36.7997,1
92.2727,10.9095,36.6068,1
92.8261,11.7782,36.1193,1
89.8444,11.1672,36.8248,1
81,9.4173,37.4148,1
82.4884,10.0643,36.2639,1
87.7561,9.4319,36.1853,1
81.2683,9.1935,36.9191,1
72.6585,8.3154,36.0907,1
73.439,7.6415,36.9977,0
81.6098,7.176,36.2121,0
84.5122,7.7669,36.0587,1
74,7.4821,36.0064,0
84.0244,8.0109,36.0593,1
79.1463,7.5828,36.8345,1
77.5854,6.8804,36.4373,0
79.2927,6.7235,37.02,0
83.3659,6.7713,37.0101,0
81.561,6.9881,36.5142,0
77.878,7.4531,36.2458,1
82.0732,8.6086,37.0383,1
80.2195,8.6346,36.9142,1
73.9024,8.6153,36.4767,1
75,8.5169,36.5152,1
78.0488,9.3074,37.3719,1
81.381,9.7895,37.1023,1
85.6364,9.1022,36.4697,1
86.4419,9.8282,36.4569,1
81.7317,8.9121,36.2699,1
81.6829,8.353,37.4582,1
80.0976,7.8844,36.3185,1
77.1463,7.8881,37.4414,1
73.4878,7.4512,37.2123,1
80.7073,7.2917,37.1874,0
85,7.6172,36.8529,1
87.3488,11.0096,36.0217,1
98.5909,12.835,36.2365,1
92.0213,12.2694,37.4857,1
87.9787,10.6673,36.4372,1
97.6383,11.722,37.0261,1
104.4255,10.6183,36.6468,1
82.6136,10.9399,36.473,1
87.9756,10.2766,36.8248,1
83.6098,10.0644,37.1081,1
78.3902,9.9997,36.2659,1
74.1707,9.0577,37.2113,1
73.825,8.2085,36.7062,0
75.8974,7.7817,36.8484,0
75.4615,7.9595,36.5447,0
77.4615,8.2334,36.984,0
75.35,8.0114,36.06,0
112.3659,9.0173,36.2631,1
87.186,10.8372,36.0675,1
113.9767,11.7277,36.6214,1
80.1429,10.1144,37.1589,1
83.2381,9.4125,36.4873,1
85.4146,10.2939,37.4912,1
75.2564,9.4307,36.1637,1
69.6154,8.3566,36.4281,0
71.4359,7.7667,36.9946,0
71.2564,7.3938,36.4969,0
78.8974,7.2624,37.3358,0
73.2308,6.9174,36.7545,0
75.975,6.6162,37.1286,0
75.9024,6.3887,36.9993,0
90.6429,6.2613,36.4089,0
86.7045,6.9126,36.4603,0
91.3191,6.5515,36.4249,0
90.5532,7.1909,37.2689,0
93.4894,13.5268,36.1376,1
88.8409,15.6152,36.7098,1
90.0909,14.3894,36.7756,1
86.8864,13.0899,36.5469,1
74.0952,12.0537,37.3673,1
77.9024,10.2499,36.5838,1
86.8537,10.7636,37.3054,1
80.0976,10.6504,36.5694,1
85.9268,10.0712,36.9398,1
86.381,10.2097,36.7443,1
90.3415,11.1904,36.5004,1
81.881,9.9787,37.1624,1
81.1707,9.3347,36.4452,1
83.4419,9.5554,36.2976,1
85.25,10.1846,37.1164,1
84.9545,11.9656,37.3975,1
88.4318,11.0747,37.0778,1
95.6596,11.7442,36.9501,1
88.8409,10.9058,36.3953,1
87.8372,9.8706,36.5383,1
81.4146,9.8327,36.7349,1
78.2439,9.0842,36.4518,0
75.65,8.6826,36.0506,0
91.0488,7.9578,36.7814,0
78.5122,7.74,36.6637,0
78.9756,7.491,36.4725,0
74.8293,7.2349,36.6053,0
76.9512,7.0493,37.3265,0
74.7805,6.8539,36.8965,0
76.6341,7.366,36.664,0
73.122,8.4396,37.2592,0
82.2683,7.5533,37.0897,0
77.8293,9.0611,36.2708,1
82.6098,9.362,36.3094,1
88.5854,8.7601,36.4309,1
82.3415,8.4306,36.5012,0
81.1463,8.2199,36.0277,0
78.3415,8.0035,36.0151,0
84.3902,11.171,37.2564,1
94.8049,15.6396,37.0661,1
101.7073,12.8742,36.5301,1
120.65,15.199,37.3016,1
111.7556,15.0438,36.6105,1
93.1591,13.5949,36.1916,1
82.4318,12.6619,36.1196,1
84.7955,11.6112,37.3118,1
89.0227,12.1578,36.8922,1
88.7273,11.9575,36.723,1
85.3864,11.6687,37.2561,1
87.8636,11.9881,36.0821,1
96.4773,11.8416,36.5881,1
84.561,11.4961,36.1302,1
72.0488,12.0138,37.0839,1
74.7805,11.7233,36.3506,1
83.1463,11.5947,36.8976,1
79.9024,11.7348,36.5195,1
80.1951,11.6297,36.1296,1
75.0488,11.756,36.501,1
76.9512,11.9564,36.6823,1
79.7073,12.0513,36.675,1
83.1707,12.8419,37.4992,1
81.3902,11.0381,36.01,1
82.0976,10.431,36.9043,1
84.7561,11.4001,36.6338,1
79.2195,10.6578,37.1079,1
75.2683,10.1527,37.1857,0
80.2195,11.0878,36.6756,0
79.5122,12.0631,36.394,1
79.8537,10.9517,36.332,1
79.5238,11.3655,37.2809,0
79.3023,11.3618,37.3219,0
83.2045,13.6419,36.0217,1
110.7234,13.7135,36.824,1
98.7872,13.8259,37.4663,1
92.2128,13.0612,37.4469,1
93.5,12.9008,37.0994,1
99.6136,13.369,36.7569,1
102.1163,13.7229,36.3492,1
97.2927,13.4454,36.5822,1
83.2927,12.758,36.1248,1
71.1026,10.7073,36.0386,1
73.3077,9.5633,36.2479,1
72.0513,8.9802,36.4843,0
71.5385,8.4836,36.3587,0
72.0513,8.6192,36.0018,0
73.5128,9.3448,36.5957,0
71.7171,8.1288,36.4995,0
80.1991,11.7201,36.0043,0
74.8564,10.8217,36.5877,0
91.4865,12.1068,36.8933,0
88.7037,12.829,37.105,1
91.3102,12.9299,37.406,1
90.3856,12.5929,36.9843,1
78.7612,11.4992,36.9365,1
73.3163,10.4651,36.2307,0
74.7064,10.3158,36.1523,0
82.6334,12.4382,36.251,1
79.4381,11.3119,37.336,1
77.2674,9.7878,36.5337,1
77.7065,10.0985,36.0761,0
82.4382,14.6477,36.2316,1
75.4381,11.9284,37.2794,1
71.1943,10.5434,37.4283,1
78.6422,11.0415,36.4877,1
84.3175,12.2484,37.4853,1
84.0447,11.2653,36.0569,1
80.272,11.4588,37.4341,0
77.642,10.2724,36.6317,0
73.4411,10.4122,37.3027,0
76.2038,10.0724,36.7031,0
81.7265,10.3995,36.1275,0
84.4538,11.0076,36.3205,0
97.6129,14.4129,36.7717,1
87.8215,13.3521,36.4508,1
89.34,13.2001,37.1112,1
80.6812,11.6671,36.3431,1
87.5707,12.7599,36.1,1
76.17,10.5047,36.9683,1
76.8773,9.4808,36.3475,0
78.3162,9.636,37.3854,0
73.1943,9.7432,36.9745,0
76.2373,9.7088,37.3428,0
81.7494,9.8628,37.0119,0
83.8856,13.4247,36.5414,0
76.5319,8.7824,36.6718,1
68.25,7.7631,36.8735,1
84.2105,8.0587,36.5756,1
80.4359,8.0148,36.0256,1
73.5789,7.0947,36.0079,1
73.7632,6.5854,36.3321,1
63.8158,6.2667,37.056,1
66.7027,5.9463,37.0912,1
64.1667,5.6674,36.7992,0
58.8889,5.3837,36.2741,0
64.3889,5.4844,37.1941,0
63.4722,5.1054,37.1516,0
68.7778,4.8916,36.0575,0
64.7222,4.6291,36.1934,0
66.3333,4.4461,37.1342,0
63.3333,4.2968,36.3761,0
66.5,4.1141,36.1267,0
71,3.9785,36.1429,0
65.6111,3.8344,37.4563,0
63.5833,3.7069,37.1622,0
62.1667,3.5872,36.2445,0
63.1143,3.4927,36.7397,0
65.5429,3.4076,36.139,0
63.7143,3.3489,36.9264,0
63,3.2994,36.4393,0
66.0286,3.261,36.1243,0
66.2222,3.2069,37.1243,0
65.3889,3.1611,37.4389,0
65.4167,3.1383,36.9244,0
60.4167,3.1007,36.0509,0
66.3611,3.0678,36.0462,0
68.3333,3.0359,36.4668,0
68.1389,3.0039,36.4082,0
68.5833,2.9749,36.6871,0
71.3056,2.9498,36.7531,0
63.2571,2.9416,36.0214,0
61.1429,2.9229,36.4947,0
59,2.899,36.8954,0
60.0857,2.8742,37.2342,0
60.3143,2.8547,36.9829,0
60.4,2.8406,36.0516,0
63.8,2.8233,37.0047,0
64.5429,2.8065,37.2486,0
62.5714,2.7907,36.1981,0
61.9714,2.7794,37.4407,0
65,2.9531,36.5373,0
63,4.1057,36.7407,0
61.5143,5.7605,37.4401,0
58.9167,5.0698,36.3289,0
75.65,4.9523,36.3369,0
84.4359,5.5639,36.7667,0
91.475,7.0308,37.0218,0
77.2632,9.7846,37.083,1
81.5789,12.1168,36.095,1
79.1053,12.8909,36.226,1
98.6316,13.5747,36.3932,1
89.6053,12.818,37.3334,1
78.2895,11.8165,37.4517,1
76.7895,11.3292,37.2817,1
102.3158,11.5414,36.4561,1
78.2368,11.6952,36.7514,1
76.2105,11.3063,37.2394,1
81.3158,11.5283,36.2258,1
71.4211,10.5615,36.8054,1
63.8158,9.7814,37.1684,1
69.7368,10.3113,36.8237,1
72.0526,9.9199,37.1164,1
67.8421,8.5556,36.4662,1
68.9737,9.1022,37.373,1
75.7632,9.0403,36.1998,1
80.1795,8.7673,37.2526,1
83.4872,8.032,37.292,1
78.8158,8.8155,36.7933,1
67.4865,9.8962,36.8248,1
72,10.2829,36.7538,1
67.8611,8.4186,36.4082,1
64.5946,8.4083,36.0041,1
69.9737,9.5836,36.6432,1
68.9474,11.1914,37.2846,1
76.3684,11.3774,37.4398,1
108.2105,10.7616,37.2084,1
81.1316,10.0938,36,1
64.7105,10.1718,36.1957,1
76.5,9.6182,36.8444,1
82.4211,8.6517,36.2527,1
102.6842,10.1213,36.0947,1
94,9.8295,36.1827,1
93.6842,10.0341,36.0588,1
75.1316,9.4434,36.4805,1
71.8421,10.1065,36.5532,1
72.6579,10.7144,37.2009,1
82.4737,10.0185,36.7449,1
72.0526,10.0212,36.4534,1
70.7368,9.6001,36.6821,1
71.9459,8.9055,36.4343,1
87.1053,9.7002,36.3394,1
66.8684,9.6181,36.9206,1
87.1842,11.8893,37.4397,1
82.6842,10.5142,36.201,1
81,10.3114,36.9414,1
77.3947,10.6807,36.6968,1
120.65,10.0189,36.8501,1
120.6316,9.5053,37.4928,1
78.3947,11.4704,37.2453,1
72.6053,12.6533,37.2484,1
76.1053,11.1025,36.5882,1
72.9737,9.9197,36.8301,1
72.6944,9.06,36.8386,1
91.0833,8.7964,36.0808,1
76.9444,8.5257,36.735,1
73.8333,9.1162,37.2655,1
89.25,8.4004,37.1183,0
71.6667,7.5003,37.2661,0
69.5,8.4436,36.082,0
67.6389,8.0168,36.8159,0
69.1944,7.8859,36.658,0
70.8158,7.8298,36.9256,0
69.2895,8.0168,36.744,1
71.7105,8.1625,37.4858,1
111.0263,8.2104,37.4721,1
93.5526,8.8751,36.5845,1
71.6316,9.872,36.1345,1
66.8649,10.5748,36.5487,1
66.9167,9.7047,36.9389,1
64.3243,8.9459,36.2117,1
71.1842,11.0488,37.2435,1
74.1842,10.5121,37.0699,1
81.4872,9.8069,36.8417,1
77.2895,11.2165,36.8977,1
78.8421,9.9693,36.3026,1
74.6316,9.3884,36.7899,1
68.7368,10.2567,37.1697,1
80.3684,12.4257,37.1008,1
78.8684,13.2093,37.2072,1
78.3947,12.5544,36.2802,1
91.6316,10.8893,36.1167,1
113.3947,10.7872,36.8609,1
68.0526,10.9277,37.0017,1
80.3947,11.7833,36.8122,1
83.7105,11.7594,36.5073,1
93.1842,10.5109,36.1651,1
78.6842,10.255,36.7446,1
93.2895,9.9402,36.6561,1
100.8421,9.7432,37.2737,1
76.3158,9.3718,37.184,1
70.5526,10.4411,36.4623,1
80.4211,10.562,36.4329,1
82.2105,9.5767,36.9792,1
71.4211,11.1063,36.7812,1
72.1053,12.7928,36.4964,1
72.9737,11.9562,36.3937,1
74.6579,9.5316,36.1809,1
80.1053,9.1476,37.4195,1
70.8947,9.5336,36.8208,1
73,8.4873,36.2519,0
74.6053,8.2881,37.2585,0
69.3158,8.0414,36.5124,0
78.3158,8.9606,36.0651,0
59.2105,10.0678,36.825,1
67.5833,8.7236,36.3476,0
73.8421,8.7818,36.2964,0
68.0789,8.8842,36.8961,0
72.3947,7.9951,36.8492,0
70.5789,8.2431,37.3854,0
71.1842,9.8871,36.2946,0
70.5526,9.9601,36.5503,0
71.0789,9.4144,37.1983,1
67.3684,10.493,36.1521,1
74.5526,9.3161,37.2239,1
96.9211,9.7085,37.2508,1
79.4359,10.0434,36.9376,1
81.3077,11.7919,36.5209,1
100.0526,11.8154,37.0707,1
76.1316,12.1088,36.0754,1
73.1053,11.0298,36.4595,1
75.8947,10.7086,36.0683,1
88.6842,10.6709,37.241,1
71.9211,10.4691,36.7093,0
82.1842,13.1151,37.2181,1
117.6316,11.8114,36.8479,1
78.1842,9.5217,36.9474,1
73.3158,10.4214,36.4172,1
69.2895,12.0535,37.1354,1
73.5789,10.2256,37.1765,1
69.7895,9.3412,37.0504,1
69.4737,9.1877,37.4535,1
76.5789,9.378,36.344,1
94.7179,9.2593,37.4436,1
68.359,9.3911,36.4658,1
76.4737,10.0903,36.2337,1
85.6053,10.4623,36.3962,1
75.8421,9.1706,36.0836,0
69.0811,9.2236,37.4763,0
68.7105,8.2473,36.858,0
69.0263,7.8746,36.1453,0
70.3947,7.867,36.6373,0
71.5263,8.8135,37.0035,0
75.1316,10.7435,36.8059,0
74.9737,11.3631,36.8803,1
69.4211,9.6588,36.3855,0
74.4211,9.6837,37.1265,0
86.1053,12.0855,37.0674,1
75.6842,10.7132,36.5613,1
78.7105,11.6145,36.3343,1
74.5,12.5731,36.0407,1
74.7895,12.4086,37.0428,1
80.1053,12.5391,37.0431,1
85.2105,12.5208,37.4001,1
93.9737,12.4222,36.2464,1
76.0789,10.9898,36.8237,0
74.7368,9.9849,36.559,0
68.0278,9.193,36.7834,0
73.6111,8.2766,36.985,0
77.5556,8.4224,36.9326,0
67.25,7.6942,37.4833,0
61.5556,7.6247,36.5774,0
63.6944,7.509,36.2098,0
67.4286,7.2565,37.0581,0
64.2,7.0282,37.4635,0
60.7143,6.8963,36.285,0
63.6286,6.6259,36.688,0
66.0571,6.455,36.3814,0
63.3143,6.3024,36.0977,0
74.4722,6.2806,36.2866,0
78.5,6.3338,36.7214,0
69.2778,6.1652,36.1147,0
64.2286,6.0965,37.3194,0
61.9143,5.9539,36.1774,0
63.6571,5.9482,36.296,0
66.4,5.8101,36.0869,0
64.4857,5.7787,36.6842,0
61.4,5.6808,36.3057,0
62.4857,5.6152,36.5482,0
63.2571,5.5085,37.1523,0
62.1143,5.4112,36.1042,0
62.0571,5.3119,37.0186,0
59.9429,5.2245,37.1977,0
59.5143,5.4783,36.8062,0
62.1429,5.3681,36.3292,0
84.2286,5.2969,36.1955,0
63.2571,5.2241,37.4177,0
62.4857,5.1401,37.3893,0
62.4286,5.0671,37.0719,0
60.1765,5.0456,36.1431,0
60.3529,4.9717,37.1097,0
58.0588,4.9964,36.1416,0
60.5588,4.9164,36.5912,0
58.2353,4.8831,36.6158,0
62.5588,4.8972,36.3171,0
60.3529,4.8313,36.6954,0
57.2857,4.8902,36.7301,0
60.9167,4.9879,37.3989,0
99.8947,5.089,36.2577,0
75.65,5.3029,36.5149,0
106.5135,9.8108,37.2523,1
83.6667,11.5815,36.0667,1
86,11.1941,37.4934,1
83.7778,11.4312,36.3013,1
82.6667,11.5841,36.2458,1
84.0833,11.7046,36.8276,1
86.7222,12.0406,36.6311,1
89.1389,11.6023,36.8215,1
88.9722,11.8799,36.6727,1
90.3889,14.7043,37.1137,1
87,14.3955,36.4666,1
81.8158,13.4536,36.3821,1
86.8611,14.1604,36.7186,1
87.0833,13.6864,36.1631,1
89.1111,13.6875,36.9162,1
81.3889,12.6203,37.187,1
77.3056,10.2842,36.572,1
78.8889,9.262,36.5443,1
79.9167,8.3019,36.7803,1
82.6667,7.4685,36.8008,1
78.6389,6.7871,36.2484,1
80.0571,6.2799,37.1756,1
80.4,5.8577,37.3582,1
80.8,5.5287,37.3439,1
81.4,5.2801,36.9984,1
82.2,5.0845,36.5347,1
83,4.9147,36.4634,0
80.5143,4.7668,36.9216,0
80.2,4.6856,37.4866,0
80.8571,4.6326,37.3348,0
77.4571,4.5841,36.4889,0
81.4286,4.529,36.7331,0
79.4286,4.559,37.0044,0
78.1429,4.4736,36.5114,0
78.5714,4.3664,36.1568,0
79.8286,4.2969,37.1898,0
83.0857,4.7337,37.0482,1
77.9143,5.0182,37.0508,1
79.7429,4.8637,36.3626,1
79.3143,4.6772,36.0142,1
81.9429,4.53,36.8664,1
80.6,4.8105,36.1328,1
80.5143,5.0393,36.0316,1
90.4,8.2134,36.1841,1
82.3143,11.5528,36.5164,1
82.5143,11.3728,36.5014,1
80.2286,10.5513,36.6127,1
83.1143,10.7234,36.1476,1
85.2286,10.3335,36.9808,1
82.7143,9.2672,37.2658,1
119.4857,9.5863,37.1434,1
75.2571,8.7627,36.8709,1
83.0286,8.5806,36.5744,1
79.4286,8.0306,36.4285,1
80.8286,7.4565,36.5662,1
81.7714,7.0925,36.7696,0
92.4286,8.3291,36.8131,1
93.1714,12.8091,36.1761,1
104.5429,19.5638,36.0203,1
90.1429,20.3194,37.418,1
88.5429,17.6045,36.2487,1
86,15.7047,36.6207,1
84.9714,15.9229,36.7365,1
85.6857,16.9937,36.545,1
84.6571,17.0701,37.1668,1
88.8286,15.9211,36.1465,1
79.4,15.866,36.2332,1
81.9143,15.7717,36.0281,1
79.9429,14.9399,36.4577,1
100.7714,15.7267,36.4056,1
86.7647,15.7656,36.2718,1
83.7353,15.8858,36.1679,1
85.3824,15.9123,37.2571,1
86.4706,14.8101,37.4611,1
97.9706,15.6682,36.0328,1
81,15.9266,37.224,1
90.4571,16.2593,36.7732,1
86.2857,17.1174,36.6326,1
89.2,16.9161,36.9508,1
91.8056,17.7754,36.8416,1
103.1667,17.6715,36.904,1
93.3333,17.0846,37.4259,1
90.75,16.273,36.6125,1
87.5278,15.5079,36.3629,1
86.1111,15.8808,37.1213,1
84.5556,16.6324,36.4809,1
86.5833,15.7472,36.1899,1
84.3611,16.9546,37.2908,1
91.8056,18.3318,37.0789,1
98.4722,17.7351,36.0531,1
92.3056,16.6154,37.3369,1
91.8889,16.7281,36.7512,1
91.8,16.1359,36.9036,1
93.2571,16.9351,37.4141,1
88.9143,15.9851,37.0923,1
89.0857,16.393,36.8708,1
91.4571,17.4138,36.2503,1
88.9444,17.2915,37.4994,1
91.1667,16.9198,36.4382,1
100.9444,17.9573,36.6307,1
91.8056,17.2104,37.3612,1
90.5833,18.2297,36.9364,1
91.9167,17.9904,36.7829,1
88.1944,16.4208,36.716,1
88.0278,16.6293,36.8069,1
86.8611,16.4818,36.0021,1
87.75,16.5984,37.2826,1
87.1351,16.2025,37.3437,1
92.3421,15.4779,37.1024,1
89.2368,15.0699,36.2148,1
90.0789,16.717,37.0007,1
89.4211,17.9572,36.3489,1
89.5,16.9771,36.0863,1
88.2368,16.3032,37.0163,1
88.4737,16.5086,37.3156,1
88.6316,15.051,37.3481,1
86.973,15.2795,37.4603,1
89.5,16.294,36.978,1
91.8889,17.7938,37.0119,1
94.5556,17.5926,37.4154,1
94.5,17.251,37.4654,1
88.4474,16.5038,36.0923,1
92.6053,18.4087,36.2988,1
87.8158,17.0515,36.6748,1
89.7105,16.7013,37.4034,1
105.9474,15.3573,36.0675,1
88.1316,15.7004,36.0526,1
87.0263,16.7917,36.3947,0
95.4737,17.6384,36.7238,1
94.2368,18.042,37.1733,1
90,18.1393,36.6674,1
91.8158,17.7572,37.3348,1
89.0789,16.3867,36.8097,0
87.6842,15.4519,37.0854,0
87.7632,15.3071,36.1445,0
88.7895,16.465,36.9351,0
91.7105,16.1659,36.8616,0
89.7105,14.8901,36.5684,0
88.3158,14.1843,36.6074,0
88.2895,14.5419,36.1707,0
90.8421,16.153,37.2589,0
75.65,15.0631,37.4123,0
83.1316,14.0341,37.0403,0
88.4444,13.8757,36.6941,0
84.75,14.9043,37.2737,0
84.1389,14.4763,36.859,0
82.6667,13.914,36.2447,0
83.6389,15.4765,36.2092,0
85.7778,15.9465,37.4745,0
86.2222,16.1599,37.271,0
97.1944,15.281,36.4199,0
86.4444,13.8692,36.8728,0
83.0541,14.4902,37.1427,0
87.1316,16.9325,37.1122,0
86.3514,18.028,37.4096,0
99.5556,16.4939,36.476,0
91.1667,20.0689,37.3426,0
92.5278,20.9084,37.4311,0
88.6944,17.7852,37.0565,0
90.3056,17.3055,36.6308,0
92.8333,16.5192,36.7993,0
91.0556,16.9448,37.0926,0
94.1667,16.6307,36.668,0
88.9189,17.4093,37.2573,0
87.0263,16.5482,37.4448,0
90.6053,16.1218,37.1258,0
78.6667,15.3223,36.5713,0
88.6842,16.0234,36.2101,0
82.1316,16.3654,36.3345,0
85.5526,14.9851,36.228,0
86.7895,14.9323,36.3006,0
84.2632,14.203,37.2165,0
90.3684,13.7948,37.3616,0
75.65,14.8897,36.9088,0
84.0556,15.0612,37.0051,0
